{
  "type": "FeatureCollection",
  "features": [
    {
      "type": "Feature",
      "properties": {
        "id": "brada-1",
        "ref": "1",
        "name": "ОЗО «Софіївсько-Борщагівський ліцей»",
        "settlement": "Софіївська Борщагівка",
        "address": "пров. Шкільний, 1В",
        "kind": "Найпростіше укриття, Протирадіаційне укриття",
        "premises": null,
        "operator": null,
        "sourceName": "Борщагівська громада",
        "source": "https://brada.gov.ua/dsns/skhovyshcha-ukryttia-hromady/",
        "coordinateSource": "https://brada.gov.ua/maps/shelters.html",
        "retrievedAt": "2026-09-15",
        "verification": "official-coordinate; entrance-unverified",
        "notes": "Назва та адреса звірені з переліком громади. Координати дослівно перенесені з її офіційної карти; польова перевірка не проводилася.",
        "coordinateAccuracy": "Точка об’єкта з офіційної карти громади",
        "entranceVerified": false,
        "access": "За даними КОВА: у разі тривоги.",
        "accessible": false,
        "capacity": null,
        "alsoListedIn": [
          {
            "source": "https://www.google.com/maps/d/viewer?mid=133eWWMRjEzUA1_n5d2Ae28nwvrIP41U",
            "id": "3208439dbd07dfde",
            "schedule": "У разі тривоги"
          },
          {
            "source": "https://www.google.com/maps/d/viewer?mid=133eWWMRjEzUA1_n5d2Ae28nwvrIP41U",
            "id": "3208c5fb14767e8f",
            "schedule": "У разі тривоги"
          }
        ]
      },
      "geometry": {
        "type": "Point",
        "coordinates": [
          30.3606652,
          50.4100539
        ]
      }
    },
    {
      "type": "Feature",
      "properties": {
        "id": "brada-2",
        "ref": "2",
        "name": "ЗДО «Щаслива країна»",
        "settlement": "Софіївська Борщагівка",
        "address": "вул. Яблунева, 7Б",
        "kind": "Найпростіше укриття",
        "premises": null,
        "operator": null,
        "sourceName": "Борщагівська громада",
        "source": "https://brada.gov.ua/dsns/skhovyshcha-ukryttia-hromady/",
        "coordinateSource": "https://brada.gov.ua/maps/shelters.html",
        "retrievedAt": "2026-09-15",
        "verification": "official-coordinate; entrance-unverified",
        "notes": "Назва та адреса звірені з переліком громади. Координати дослівно перенесені з її офіційної карти; польова перевірка не проводилася.",
        "coordinateAccuracy": "Точка об’єкта з офіційної карти громади",
        "entranceVerified": false,
        "access": "За даними КОВА: у разі тривоги.",
        "accessible": false,
        "capacity": null,
        "alsoListedIn": [
          {
            "source": "https://www.google.com/maps/d/viewer?mid=133eWWMRjEzUA1_n5d2Ae28nwvrIP41U",
            "id": "320869dfe0d5b9fc",
            "schedule": "У разі тривоги"
          }
        ]
      },
      "geometry": {
        "type": "Point",
        "coordinates": [
          30.3940197345,
          50.4017478665
        ]
      }
    },
    {
      "type": "Feature",
      "properties": {
        "id": "brada-3",
        "ref": "3",
        "name": "ЗДО «Дивосвіт»",
        "settlement": "Софіївська Борщагівка",
        "address": "вул. Павла Чубинського, 6А",
        "kind": "Найпростіше укриття",
        "premises": null,
        "operator": null,
        "sourceName": "Борщагівська громада",
        "source": "https://brada.gov.ua/dsns/skhovyshcha-ukryttia-hromady/",
        "coordinateSource": "https://brada.gov.ua/maps/shelters.html",
        "retrievedAt": "2026-09-15",
        "verification": "official-coordinate; entrance-unverified",
        "notes": "Назва та адреса звірені з переліком громади. Координати дослівно перенесені з її офіційної карти; польова перевірка не проводилася.",
        "coordinateAccuracy": "Точка об’єкта з офіційної карти громади",
        "entranceVerified": false,
        "access": "За даними КОВА: у разі тривоги.",
        "accessible": false,
        "capacity": null,
        "alsoListedIn": [
          {
            "source": "https://www.google.com/maps/d/viewer?mid=133eWWMRjEzUA1_n5d2Ae28nwvrIP41U",
            "id": "3208dfdbda59a1fb",
            "schedule": "У разі тривоги"
          }
        ]
      },
      "geometry": {
        "type": "Point",
        "coordinates": [
          30.3629595852,
          50.4017381325
        ]
      }
    },
    {
      "type": "Feature",
      "properties": {
        "id": "brada-4",
        "ref": "4",
        "name": "ЗДО «Совенятко»",
        "settlement": "Софіївська Борщагівка",
        "address": "просп. Героїв Небесної Сотні, 16",
        "kind": "Найпростіше укриття",
        "premises": null,
        "operator": null,
        "sourceName": "Борщагівська громада",
        "source": "https://brada.gov.ua/dsns/skhovyshcha-ukryttia-hromady/",
        "coordinateSource": "https://brada.gov.ua/maps/shelters.html",
        "retrievedAt": "2026-09-15",
        "verification": "official-coordinate; entrance-unverified",
        "notes": "Назва та адреса звірені з переліком громади. Координати дослівно перенесені з її офіційної карти; польова перевірка не проводилася.",
        "coordinateAccuracy": "Точка об’єкта з офіційної карти громади",
        "entranceVerified": false,
        "access": "За даними КОВА: у разі тривоги.",
        "accessible": false,
        "capacity": null,
        "alsoListedIn": [
          {
            "source": "https://www.google.com/maps/d/viewer?mid=133eWWMRjEzUA1_n5d2Ae28nwvrIP41U",
            "id": "32081018db3d997b",
            "schedule": "У разі тривоги"
          }
        ]
      },
      "geometry": {
        "type": "Point",
        "coordinates": [
          30.3406898,
          50.3986335
        ]
      }
    },
    {
      "type": "Feature",
      "properties": {
        "id": "brada-5",
        "ref": "5",
        "name": "ЗДО «Левенятко»",
        "settlement": "Софіївська Борщагівка",
        "address": "вул. Райдужна, 143",
        "kind": "Найпростіше укриття",
        "premises": null,
        "operator": null,
        "sourceName": "Борщагівська громада",
        "source": "https://brada.gov.ua/dsns/skhovyshcha-ukryttia-hromady/",
        "coordinateSource": "https://brada.gov.ua/maps/shelters.html",
        "retrievedAt": "2026-09-15",
        "verification": "official-coordinate; entrance-unverified",
        "notes": "Назва та адреса звірені з переліком громади. Координати дослівно перенесені з її офіційної карти; польова перевірка не проводилася.",
        "coordinateAccuracy": "Точка об’єкта з офіційної карти громади",
        "entranceVerified": false,
        "access": "За даними КОВА: у разі тривоги.",
        "accessible": false,
        "capacity": null,
        "alsoListedIn": [
          {
            "source": "https://www.google.com/maps/d/viewer?mid=133eWWMRjEzUA1_n5d2Ae28nwvrIP41U",
            "id": "32085870d30c7fee",
            "schedule": "У разі тривоги"
          }
        ]
      },
      "geometry": {
        "type": "Point",
        "coordinates": [
          30.333919747,
          50.4052760138
        ]
      }
    },
    {
      "type": "Feature",
      "properties": {
        "id": "brada-6",
        "ref": "6",
        "name": "ЗДО «Золотий колосок»",
        "settlement": "Софіївська Борщагівка",
        "address": "вул. Соборна, 53Б",
        "kind": "Найпростіше укриття",
        "premises": null,
        "operator": null,
        "sourceName": "Борщагівська громада",
        "source": "https://brada.gov.ua/dsns/skhovyshcha-ukryttia-hromady/",
        "coordinateSource": "https://brada.gov.ua/maps/shelters.html",
        "retrievedAt": "2026-09-15",
        "verification": "official-coordinate; entrance-unverified",
        "notes": "Назва та адреса звірені з переліком громади. Координати дослівно перенесені з її офіційної карти; польова перевірка не проводилася.",
        "coordinateAccuracy": "Точка об’єкта з офіційної карти громади",
        "entranceVerified": false,
        "access": "За даними КОВА: у разі тривоги.",
        "accessible": false,
        "capacity": null,
        "alsoListedIn": [
          {
            "source": "https://www.google.com/maps/d/viewer?mid=133eWWMRjEzUA1_n5d2Ae28nwvrIP41U",
            "id": "3208bef4476b6a81",
            "schedule": "У разі тривоги"
          }
        ]
      },
      "geometry": {
        "type": "Point",
        "coordinates": [
          30.35892525034549,
          50.40787132039984
        ]
      }
    },
    {
      "type": "Feature",
      "properties": {
        "id": "brada-7",
        "ref": "7",
        "name": "ЗСО «Ліцей № 1»",
        "settlement": "Петропавлівська Борщагівка",
        "address": "вул. Паркова, 34Б",
        "kind": "Найпростіше укриття",
        "premises": null,
        "operator": null,
        "sourceName": "Борщагівська громада",
        "source": "https://brada.gov.ua/dsns/skhovyshcha-ukryttia-hromady/",
        "coordinateSource": "https://brada.gov.ua/maps/shelters.html",
        "retrievedAt": "2026-09-15",
        "verification": "official-coordinate; entrance-unverified",
        "notes": "Назва та адреса звірені з переліком громади. Координати дослівно перенесені з її офіційної карти; польова перевірка не проводилася.",
        "coordinateAccuracy": "Точка об’єкта з офіційної карти громади",
        "entranceVerified": false,
        "access": "За даними КОВА: у разі тривоги.",
        "accessible": false,
        "capacity": null,
        "alsoListedIn": [
          {
            "source": "https://www.google.com/maps/d/viewer?mid=133eWWMRjEzUA1_n5d2Ae28nwvrIP41U",
            "id": "320817147b1e9534",
            "schedule": "У разі тривоги"
          }
        ]
      },
      "geometry": {
        "type": "Point",
        "coordinates": [
          30.3223458529,
          50.4219547191
        ]
      }
    },
    {
      "type": "Feature",
      "properties": {
        "id": "brada-8",
        "ref": "8",
        "name": "ЗСО «Ліцей Петропавлівський»",
        "settlement": "Петропавлівська Борщагівка",
        "address": "вул. Соборна, 30",
        "kind": "Найпростіше укриття",
        "premises": null,
        "operator": null,
        "sourceName": "Борщагівська громада",
        "source": "https://brada.gov.ua/dsns/skhovyshcha-ukryttia-hromady/",
        "coordinateSource": "https://brada.gov.ua/maps/shelters.html",
        "retrievedAt": "2026-09-15",
        "verification": "official-coordinate; entrance-unverified",
        "notes": "Назва та адреса звірені з переліком громади. Координати дослівно перенесені з її офіційної карти; польова перевірка не проводилася.",
        "coordinateAccuracy": "Точка об’єкта з офіційної карти громади",
        "entranceVerified": false,
        "access": "За даними КОВА: у разі тривоги.",
        "accessible": true,
        "capacity": null,
        "alsoListedIn": [
          {
            "source": "https://www.google.com/maps/d/viewer?mid=133eWWMRjEzUA1_n5d2Ae28nwvrIP41U",
            "id": "320859320967a4e7",
            "schedule": "У разі тривоги"
          }
        ]
      },
      "geometry": {
        "type": "Point",
        "coordinates": [
          30.34121610878432,
          50.43646205277469
        ]
      }
    },
    {
      "type": "Feature",
      "properties": {
        "id": "brada-9",
        "ref": "9",
        "name": "ЗДО «Чарівний замок»",
        "settlement": "Петропавлівська Борщагівка",
        "address": "вул. Паркова, 34А",
        "kind": "Найпростіше укриття",
        "premises": null,
        "operator": null,
        "sourceName": "Борщагівська громада",
        "source": "https://brada.gov.ua/dsns/skhovyshcha-ukryttia-hromady/",
        "coordinateSource": "https://brada.gov.ua/maps/shelters.html",
        "retrievedAt": "2026-09-15",
        "verification": "official-coordinate; entrance-unverified",
        "notes": "Назва та адреса звірені з переліком громади. Координати дослівно перенесені з її офіційної карти; польова перевірка не проводилася.",
        "coordinateAccuracy": "Точка об’єкта з офіційної карти громади",
        "entranceVerified": false,
        "access": "За даними КОВА: у разі тривоги.",
        "accessible": false,
        "capacity": null,
        "alsoListedIn": [
          {
            "source": "https://www.google.com/maps/d/viewer?mid=133eWWMRjEzUA1_n5d2Ae28nwvrIP41U",
            "id": "3208d721c1ad0da4",
            "schedule": "У разі тривоги"
          }
        ]
      },
      "geometry": {
        "type": "Point",
        "coordinates": [
          30.3237777674,
          50.4224738308
        ]
      }
    },
    {
      "type": "Feature",
      "properties": {
        "id": "brada-10",
        "ref": "10",
        "name": "ЗДО «Щасливий»",
        "settlement": "Петропавлівська Борщагівка",
        "address": "вул. Соборна, 10Ж",
        "kind": "Найпростіше укриття",
        "premises": null,
        "operator": null,
        "sourceName": "Борщагівська громада",
        "source": "https://brada.gov.ua/dsns/skhovyshcha-ukryttia-hromady/",
        "coordinateSource": "https://brada.gov.ua/maps/shelters.html",
        "retrievedAt": "2026-09-15",
        "verification": "official-coordinate; entrance-unverified",
        "notes": "Назва та адреса звірені з переліком громади. Координати дослівно перенесені з її офіційної карти; польова перевірка не проводилася.",
        "coordinateAccuracy": "Точка об’єкта з офіційної карти громади",
        "entranceVerified": false,
        "access": "За даними КОВА: у разі тривоги.",
        "accessible": false,
        "capacity": null,
        "alsoListedIn": [
          {
            "source": "https://www.google.com/maps/d/viewer?mid=133eWWMRjEzUA1_n5d2Ae28nwvrIP41U",
            "id": "320847b325b90108",
            "schedule": "У разі тривоги"
          }
        ]
      },
      "geometry": {
        "type": "Point",
        "coordinates": [
          30.3491560322,
          50.4386470134
        ]
      }
    },
    {
      "type": "Feature",
      "properties": {
        "id": "brada-11",
        "ref": "11",
        "name": "Чайківська філія ЗСО «Ліцей № 1»",
        "settlement": "Чайки",
        "address": "вул. Валерія Лобановського, 21/3",
        "kind": "Найпростіше укриття",
        "premises": null,
        "operator": null,
        "sourceName": "Борщагівська громада",
        "source": "https://brada.gov.ua/dsns/skhovyshcha-ukryttia-hromady/",
        "coordinateSource": "https://brada.gov.ua/maps/shelters.html",
        "retrievedAt": "2026-09-15",
        "verification": "official-coordinate; entrance-unverified",
        "notes": "Назва та адреса звірені з переліком громади. Координати дослівно перенесені з її офіційної карти; польова перевірка не проводилася.",
        "coordinateAccuracy": "Точка об’єкта з офіційної карти громади",
        "entranceVerified": false,
        "access": "За даними КОВА: у разі тривоги.",
        "accessible": false,
        "capacity": null,
        "alsoListedIn": [
          {
            "source": "https://www.google.com/maps/d/viewer?mid=133eWWMRjEzUA1_n5d2Ae28nwvrIP41U",
            "id": "3208a99519b6e573",
            "schedule": "У разі тривоги"
          }
        ]
      },
      "geometry": {
        "type": "Point",
        "coordinates": [
          30.283429764856102,
          50.44033692784207
        ]
      }
    },
    {
      "type": "Feature",
      "properties": {
        "id": "brada-12",
        "ref": "12",
        "name": "ЗДО «Чайка»",
        "settlement": "Чайки",
        "address": "вул. Валерія Лобановського, 5",
        "kind": "Найпростіше укриття",
        "premises": null,
        "operator": null,
        "sourceName": "Борщагівська громада",
        "source": "https://brada.gov.ua/dsns/skhovyshcha-ukryttia-hromady/",
        "coordinateSource": "https://brada.gov.ua/maps/shelters.html",
        "retrievedAt": "2026-09-15",
        "verification": "official-coordinate; entrance-unverified",
        "notes": "Назва та адреса звірені з переліком громади. Координати дослівно перенесені з її офіційної карти; польова перевірка не проводилася.",
        "coordinateAccuracy": "Точка об’єкта з офіційної карти громади",
        "entranceVerified": false,
        "access": "За даними КОВА: у разі тривоги.",
        "accessible": false,
        "capacity": null,
        "alsoListedIn": [
          {
            "source": "https://www.google.com/maps/d/viewer?mid=133eWWMRjEzUA1_n5d2Ae28nwvrIP41U",
            "id": "32083bbf995beeae",
            "schedule": "У разі тривоги"
          }
        ]
      },
      "geometry": {
        "type": "Point",
        "coordinates": [
          30.2824247217,
          50.4397809751
        ]
      }
    },
    {
      "type": "Feature",
      "properties": {
        "id": "brada-13",
        "ref": "13",
        "name": "Спортивно-культурний комплекс «Софіївський»",
        "settlement": "Софіївська Борщагівка",
        "address": "вул. Соборна, 114Б",
        "kind": "Найпростіше укриття",
        "premises": null,
        "operator": null,
        "sourceName": "Борщагівська громада",
        "source": "https://brada.gov.ua/dsns/skhovyshcha-ukryttia-hromady/",
        "coordinateSource": "https://brada.gov.ua/maps/shelters.html",
        "retrievedAt": "2026-09-15",
        "verification": "official-coordinate; entrance-unverified",
        "notes": "Назва та адреса звірені з переліком громади. Координати дослівно перенесені з її офіційної карти; польова перевірка не проводилася.",
        "coordinateAccuracy": "Точка об’єкта з офіційної карти громади",
        "entranceVerified": false,
        "access": "За даними КОВА: у разі тривоги.",
        "accessible": false,
        "capacity": null,
        "alsoListedIn": [
          {
            "source": "https://www.google.com/maps/d/viewer?mid=133eWWMRjEzUA1_n5d2Ae28nwvrIP41U",
            "id": "3208e0f01d2f05de",
            "schedule": "У разі тривоги"
          }
        ]
      },
      "geometry": {
        "type": "Point",
        "coordinates": [
          30.3558422332,
          50.4100290355
        ]
      }
    },
    {
      "type": "Feature",
      "properties": {
        "id": "kyiv-76806",
        "ref": "14",
        "name": "ТОВ ТММ",
        "settlement": "Київ, Святошинський р-н",
        "address": "вул. Дмитра Чижевського, 2",
        "kind": "Найпростіше укриття",
        "premises": "Підземний паркінг з пандусом, Паркінг",
        "operator": "ТОВ ТММ",
        "sourceName": "КМДА, мапа укриттів Києва",
        "source": "https://gis.kyivcity.gov.ua/shelter/",
        "coordinateSource": "https://gisserver-stage.kyivcity.gov.ua/mayno/rest/services/KYIV_API/Public_protection/MapServer/0",
        "sourceId": "76806",
        "retrievedAt": "2026-09-16",
        "verification": "official-registry-coordinate; entrance-unverified",
        "notes": "Об’єкт з офіційного реєстру; координати перенесені без змін. Польова перевірка не проводилася.",
        "coordinateAccuracy": "Точка об’єкта з офіційної карти",
        "entranceVerified": false,
        "access": "За даними КМДА: цілодобово.",
        "accessible": true,
        "capacity": null,
        "alsoListedIn": []
      },
      "geometry": {
        "type": "Point",
        "coordinates": [
          30.373798470000054,
          50.43478707400004
        ]
      }
    },
    {
      "type": "Feature",
      "properties": {
        "id": "kyiv-76134",
        "ref": "15",
        "name": "Укриття в житловому будинку",
        "settlement": "Київ, Святошинський р-н",
        "address": "вул. Якуба Коласа, 6-В",
        "kind": "Найпростіше укриття",
        "premises": "Підвал, Житловий будинок",
        "operator": "ЖБК \"Індикатор\"",
        "sourceName": "КМДА, мапа укриттів Києва",
        "source": "https://gis.kyivcity.gov.ua/shelter/",
        "coordinateSource": "https://gisserver-stage.kyivcity.gov.ua/mayno/rest/services/KYIV_API/Public_protection/MapServer/0",
        "sourceId": "76134",
        "retrievedAt": "2026-09-16",
        "verification": "official-registry-coordinate; entrance-unverified",
        "notes": "Об’єкт з офіційного реєстру; координати перенесені без змін. Польова перевірка не проводилася.",
        "coordinateAccuracy": "Точка об’єкта з офіційної карти",
        "entranceVerified": false,
        "access": "За даними КМДА: цілодобово.",
        "accessible": false,
        "capacity": null,
        "alsoListedIn": []
      },
      "geometry": {
        "type": "Point",
        "coordinates": [
          30.378557000000058,
          50.434435000000065
        ]
      }
    },
    {
      "type": "Feature",
      "properties": {
        "id": "kyiv-78640",
        "ref": "16",
        "name": "Укриття в житловому будинку",
        "settlement": "Київ, Святошинський р-н",
        "address": "вул. Якуба Коласа, 4",
        "kind": "Найпростіше укриття",
        "premises": "Підвал, Житловий будинок",
        "operator": "ЖБК \"Лепсе-4\"",
        "sourceName": "КМДА, мапа укриттів Києва",
        "source": "https://gis.kyivcity.gov.ua/shelter/",
        "coordinateSource": "https://gisserver-stage.kyivcity.gov.ua/mayno/rest/services/KYIV_API/Public_protection/MapServer/0",
        "sourceId": "78640",
        "retrievedAt": "2026-09-16",
        "verification": "official-registry-coordinate; entrance-unverified",
        "notes": "Об’єкт з офіційного реєстру; координати перенесені без змін. Польова перевірка не проводилася.",
        "coordinateAccuracy": "Точка об’єкта з офіційної карти",
        "entranceVerified": false,
        "access": "За даними КМДА: цілодобово.",
        "accessible": false,
        "capacity": null,
        "alsoListedIn": []
      },
      "geometry": {
        "type": "Point",
        "coordinates": [
          30.37556200000006,
          50.43435500000004
        ]
      }
    },
    {
      "type": "Feature",
      "properties": {
        "id": "kyiv-75315",
        "ref": "17",
        "name": "ДНЗ № 560",
        "settlement": "Київ, Святошинський р-н",
        "address": "вул. Якуба Коласа, 6-Г (приміщення №2)",
        "kind": "Найпростіше укриття",
        "premises": "Підвал ОЗ, Заклад дошкільної освіти",
        "operator": "ДНЗ № 560",
        "sourceName": "КМДА, мапа укриттів Києва",
        "source": "https://gis.kyivcity.gov.ua/shelter/",
        "coordinateSource": "https://gisserver-stage.kyivcity.gov.ua/mayno/rest/services/KYIV_API/Public_protection/MapServer/0",
        "sourceId": "75315",
        "retrievedAt": "2026-09-16",
        "verification": "official-registry-coordinate; entrance-unverified",
        "notes": "Об’єкт з офіційного реєстру; координати перенесені без змін. Польова перевірка не проводилася.",
        "coordinateAccuracy": "Точка об’єкта з офіційної карти",
        "entranceVerified": false,
        "access": "За даними КМДА: впродовж навчального дня доступ надається тільки учасникам освітнього процесу.",
        "accessible": false,
        "capacity": null,
        "alsoListedIn": []
      },
      "geometry": {
        "type": "Point",
        "coordinates": [
          30.380340000000047,
          50.43425000000008
        ]
      }
    },
    {
      "type": "Feature",
      "properties": {
        "id": "kyiv-78907",
        "ref": "18",
        "name": "ЗДО № 560",
        "settlement": "Київ, Святошинський р-н",
        "address": "вул. Якуба Коласа, 6-Г",
        "kind": "Найпростіше укриття",
        "premises": "Підвал ОЗ, Дошкільний навчальний заклад",
        "operator": "ЗДО № 560",
        "sourceName": "КМДА, мапа укриттів Києва",
        "source": "https://gis.kyivcity.gov.ua/shelter/",
        "coordinateSource": "https://gisserver-stage.kyivcity.gov.ua/mayno/rest/services/KYIV_API/Public_protection/MapServer/0",
        "sourceId": "78907",
        "retrievedAt": "2026-09-16",
        "verification": "official-registry-coordinate; entrance-unverified",
        "notes": "Об’єкт з офіційного реєстру; координати перенесені без змін. Польова перевірка не проводилася.",
        "coordinateAccuracy": "Точка об’єкта з офіційної карти",
        "entranceVerified": false,
        "access": "За даними КМДА: укриття доступне лише для учасників освітнього процесу.",
        "accessible": false,
        "capacity": null,
        "alsoListedIn": []
      },
      "geometry": {
        "type": "Point",
        "coordinates": [
          30.37916400000006,
          50.433651000000054
        ]
      }
    },
    {
      "type": "Feature",
      "properties": {
        "id": "kyiv-78777",
        "ref": "19",
        "name": "ОСББ Столичні Каштани",
        "settlement": "Київ, Святошинський р-н",
        "address": "вул. Якуба Коласа, 2-Б",
        "kind": "Найпростіше укриття",
        "premises": "Підземний паркінг з пандусом, Паркінг",
        "operator": "ОСББ Столичні Каштани",
        "sourceName": "КМДА, мапа укриттів Києва",
        "source": "https://gis.kyivcity.gov.ua/shelter/",
        "coordinateSource": "https://gisserver-stage.kyivcity.gov.ua/mayno/rest/services/KYIV_API/Public_protection/MapServer/0",
        "sourceId": "78777",
        "retrievedAt": "2026-09-16",
        "verification": "official-registry-coordinate; entrance-unverified",
        "notes": "Об’єкт з офіційного реєстру; координати перенесені без змін. Польова перевірка не проводилася.",
        "coordinateAccuracy": "Точка об’єкта з офіційної карти",
        "entranceVerified": false,
        "access": "За даними КМДА: цілодобово.",
        "accessible": true,
        "capacity": null,
        "alsoListedIn": []
      },
      "geometry": {
        "type": "Point",
        "coordinates": [
          30.37331607400006,
          50.43361734100006
        ]
      }
    },
    {
      "type": "Feature",
      "properties": {
        "id": "kyiv-77843",
        "ref": "20",
        "name": "СЗШ № 35",
        "settlement": "Київ, Святошинський р-н",
        "address": "вул. Гната Юри, 10-Б",
        "kind": "Найпростіше укриття",
        "premises": "Підвал ОЗ, Школа",
        "operator": "СЗШ № 35",
        "sourceName": "КМДА, мапа укриттів Києва",
        "source": "https://gis.kyivcity.gov.ua/shelter/",
        "coordinateSource": "https://gisserver-stage.kyivcity.gov.ua/mayno/rest/services/KYIV_API/Public_protection/MapServer/0",
        "sourceId": "77843",
        "retrievedAt": "2026-09-16",
        "verification": "official-registry-coordinate; entrance-unverified",
        "notes": "Об’єкт з офіційного реєстру; координати перенесені без змін. Польова перевірка не проводилася.",
        "coordinateAccuracy": "Точка об’єкта з офіційної карти",
        "entranceVerified": false,
        "access": "За даними КМДА: впродовж навчального дня доступ надається тільки учасникам освітнього процесу.",
        "accessible": false,
        "capacity": null,
        "alsoListedIn": []
      },
      "geometry": {
        "type": "Point",
        "coordinates": [
          30.380739000000062,
          50.43315400000006
        ]
      }
    },
    {
      "type": "Feature",
      "properties": {
        "id": "kyiv-76729",
        "ref": "21",
        "name": "Укриття в житловому будинку",
        "settlement": "Київ, Святошинський р-н",
        "address": "вул. Гната Юри, 5",
        "kind": "Найпростіше укриття",
        "premises": "Підвал, Житловий будинок",
        "operator": "КП \"ККОЖФ\" Святошинського району",
        "sourceName": "КМДА, мапа укриттів Києва",
        "source": "https://gis.kyivcity.gov.ua/shelter/",
        "coordinateSource": "https://gisserver-stage.kyivcity.gov.ua/mayno/rest/services/KYIV_API/Public_protection/MapServer/0",
        "sourceId": "76729",
        "retrievedAt": "2026-09-16",
        "verification": "official-registry-coordinate; entrance-unverified",
        "notes": "Об’єкт з офіційного реєстру; координати перенесені без змін. Польова перевірка не проводилася.",
        "coordinateAccuracy": "Точка об’єкта з офіційної карти",
        "entranceVerified": false,
        "access": "За даними КМДА: цілодобово.",
        "accessible": false,
        "capacity": null,
        "alsoListedIn": []
      },
      "geometry": {
        "type": "Point",
        "coordinates": [
          30.385542000000044,
          50.43295000000006
        ]
      }
    },
    {
      "type": "Feature",
      "properties": {
        "id": "kyiv-75836",
        "ref": "22",
        "name": "Укриття в житловому будинку",
        "settlement": "Київ, Святошинський р-н",
        "address": "вул. Гната Юри, 7-А",
        "kind": "Найпростіше укриття",
        "premises": "Підвал, Житловий будинок",
        "operator": "КП \"ККОЖФ\" Святошинського району",
        "sourceName": "КМДА, мапа укриттів Києва",
        "source": "https://gis.kyivcity.gov.ua/shelter/",
        "coordinateSource": "https://gisserver-stage.kyivcity.gov.ua/mayno/rest/services/KYIV_API/Public_protection/MapServer/0",
        "sourceId": "75836",
        "retrievedAt": "2026-09-16",
        "verification": "official-registry-coordinate; entrance-unverified",
        "notes": "Об’єкт з офіційного реєстру; координати перенесені без змін. Польова перевірка не проводилася.",
        "coordinateAccuracy": "Точка об’єкта з офіційної карти",
        "entranceVerified": false,
        "access": "За даними КМДА: цілодобово.",
        "accessible": false,
        "capacity": null,
        "alsoListedIn": []
      },
      "geometry": {
        "type": "Point",
        "coordinates": [
          30.386221000000035,
          50.43268600000005
        ]
      }
    },
    {
      "type": "Feature",
      "properties": {
        "id": "kyiv-77450",
        "ref": "23",
        "name": "Укриття в житловому будинку",
        "settlement": "Київ, Святошинський р-н",
        "address": "вул. Тулузи, 15",
        "kind": "Найпростіше укриття",
        "premises": "Підвал, Житловий будинок",
        "operator": "КП \"ККОЖФ\" Святошинського району",
        "sourceName": "КМДА, мапа укриттів Києва",
        "source": "https://gis.kyivcity.gov.ua/shelter/",
        "coordinateSource": "https://gisserver-stage.kyivcity.gov.ua/mayno/rest/services/KYIV_API/Public_protection/MapServer/0",
        "sourceId": "77450",
        "retrievedAt": "2026-09-16",
        "verification": "official-registry-coordinate; entrance-unverified",
        "notes": "Об’єкт з офіційного реєстру; координати перенесені без змін. Польова перевірка не проводилася.",
        "coordinateAccuracy": "Точка об’єкта з офіційної карти",
        "entranceVerified": false,
        "access": "За даними КМДА: цілодобово.",
        "accessible": false,
        "capacity": null,
        "alsoListedIn": []
      },
      "geometry": {
        "type": "Point",
        "coordinates": [
          30.377496000000065,
          50.43268100000006
        ]
      }
    },
    {
      "type": "Feature",
      "properties": {
        "id": "kyiv-75239",
        "ref": "24",
        "name": "СШ №222",
        "settlement": "Київ, Святошинський р-н",
        "address": "вул. Тулузи, 6-А (приміщення №2)",
        "kind": "Найпростіше укриття",
        "premises": "Підвал, Заклад освіти",
        "operator": "СШ №222",
        "sourceName": "КМДА, мапа укриттів Києва",
        "source": "https://gis.kyivcity.gov.ua/shelter/",
        "coordinateSource": "https://gisserver-stage.kyivcity.gov.ua/mayno/rest/services/KYIV_API/Public_protection/MapServer/0",
        "sourceId": "75239",
        "retrievedAt": "2026-09-16",
        "verification": "official-registry-coordinate; entrance-unverified",
        "notes": "Об’єкт з офіційного реєстру; координати перенесені без змін. Польова перевірка не проводилася.",
        "coordinateAccuracy": "Точка об’єкта з офіційної карти",
        "entranceVerified": false,
        "access": "За даними КМДА: під час здійснення освітнього процесу доступне тільки для учасників освітнього процесу.",
        "accessible": false,
        "capacity": null,
        "alsoListedIn": []
      },
      "geometry": {
        "type": "Point",
        "coordinates": [
          30.36601505300007,
          50.43259410300004
        ]
      }
    },
    {
      "type": "Feature",
      "properties": {
        "id": "kyiv-76850",
        "ref": "25",
        "name": "Укриття в житловому будинку",
        "settlement": "Київ, Святошинський р-н",
        "address": "вул. Тулузи, 13",
        "kind": "Найпростіше укриття",
        "premises": "Підвал, Житловий будинок",
        "operator": "КП \"ККОЖФ\" Святошинського району",
        "sourceName": "КМДА, мапа укриттів Києва",
        "source": "https://gis.kyivcity.gov.ua/shelter/",
        "coordinateSource": "https://gisserver-stage.kyivcity.gov.ua/mayno/rest/services/KYIV_API/Public_protection/MapServer/0",
        "sourceId": "76850",
        "retrievedAt": "2026-09-16",
        "verification": "official-registry-coordinate; entrance-unverified",
        "notes": "Об’єкт з офіційного реєстру; координати перенесені без змін. Польова перевірка не проводилася.",
        "coordinateAccuracy": "Точка об’єкта з офіційної карти",
        "entranceVerified": false,
        "access": "За даними КМДА: цілодобово.",
        "accessible": false,
        "capacity": null,
        "alsoListedIn": []
      },
      "geometry": {
        "type": "Point",
        "coordinates": [
          30.378082000000063,
          50.43246300000004
        ]
      }
    },
    {
      "type": "Feature",
      "properties": {
        "id": "kyiv-77329",
        "ref": "26",
        "name": "СЗШ № 222",
        "settlement": "Київ, Святошинський р-н",
        "address": "вул. Тулузи, 6-А",
        "kind": "Найпростіше укриття",
        "premises": "Підвал ОЗ, Школа",
        "operator": "СЗШ № 222",
        "sourceName": "КМДА, мапа укриттів Києва",
        "source": "https://gis.kyivcity.gov.ua/shelter/",
        "coordinateSource": "https://gisserver-stage.kyivcity.gov.ua/mayno/rest/services/KYIV_API/Public_protection/MapServer/0",
        "sourceId": "77329",
        "retrievedAt": "2026-09-16",
        "verification": "official-registry-coordinate; entrance-unverified",
        "notes": "Об’єкт з офіційного реєстру; координати перенесені без змін. Польова перевірка не проводилася.",
        "coordinateAccuracy": "Точка об’єкта з офіційної карти",
        "entranceVerified": false,
        "access": "За даними КМДА: впродовж навчального дня доступ надається тільки учасникам освітнього процесу.",
        "accessible": false,
        "capacity": null,
        "alsoListedIn": []
      },
      "geometry": {
        "type": "Point",
        "coordinates": [
          30.366153000000054,
          50.432417000000044
        ]
      }
    },
    {
      "type": "Feature",
      "properties": {
        "id": "kyiv-75572",
        "ref": "27",
        "name": "Укриття в житловому будинку",
        "settlement": "Київ, Святошинський р-н",
        "address": "вул. Тулузи, 11",
        "kind": "Найпростіше укриття",
        "premises": "Підвал, Житловий будинок",
        "operator": "КП \"ККОЖФ\" Святошинського району",
        "sourceName": "КМДА, мапа укриттів Києва",
        "source": "https://gis.kyivcity.gov.ua/shelter/",
        "coordinateSource": "https://gisserver-stage.kyivcity.gov.ua/mayno/rest/services/KYIV_API/Public_protection/MapServer/0",
        "sourceId": "75572",
        "retrievedAt": "2026-09-16",
        "verification": "official-registry-coordinate; entrance-unverified",
        "notes": "Об’єкт з офіційного реєстру; координати перенесені без змін. Польова перевірка не проводилася.",
        "coordinateAccuracy": "Точка об’єкта з офіційної карти",
        "entranceVerified": false,
        "access": "За даними КМДА: цілодобово.",
        "accessible": false,
        "capacity": null,
        "alsoListedIn": []
      },
      "geometry": {
        "type": "Point",
        "coordinates": [
          30.378692000000058,
          50.43223800000004
        ]
      }
    },
    {
      "type": "Feature",
      "properties": {
        "id": "kyiv-76331",
        "ref": "28",
        "name": "Укриття в житловому будинку",
        "settlement": "Київ, Святошинський р-н",
        "address": "вул. Тулузи, 20",
        "kind": "Найпростіше укриття",
        "premises": "Підвал, Житловий будинок",
        "operator": "ЖБК \"Водій\"",
        "sourceName": "КМДА, мапа укриттів Києва",
        "source": "https://gis.kyivcity.gov.ua/shelter/",
        "coordinateSource": "https://gisserver-stage.kyivcity.gov.ua/mayno/rest/services/KYIV_API/Public_protection/MapServer/0",
        "sourceId": "76331",
        "retrievedAt": "2026-09-16",
        "verification": "official-registry-coordinate; entrance-unverified",
        "notes": "Об’єкт з офіційного реєстру; координати перенесені без змін. Польова перевірка не проводилася.",
        "coordinateAccuracy": "Точка об’єкта з офіційної карти",
        "entranceVerified": false,
        "access": "За даними КМДА: цілодобово.",
        "accessible": false,
        "capacity": null,
        "alsoListedIn": []
      },
      "geometry": {
        "type": "Point",
        "coordinates": [
          30.375139000000047,
          50.43179900000007
        ]
      }
    },
    {
      "type": "Feature",
      "properties": {
        "id": "kyiv-78445",
        "ref": "29",
        "name": "ДНЗ № 199",
        "settlement": "Київ, Святошинський р-н",
        "address": "просп. Леся Курбаса, 4-А",
        "kind": "Найпростіше укриття",
        "premises": "Підвал ОЗ, Заклад дошкільної освіти",
        "operator": "ДНЗ № 199",
        "sourceName": "КМДА, мапа укриттів Києва",
        "source": "https://gis.kyivcity.gov.ua/shelter/",
        "coordinateSource": "https://gisserver-stage.kyivcity.gov.ua/mayno/rest/services/KYIV_API/Public_protection/MapServer/0",
        "sourceId": "78445",
        "retrievedAt": "2026-09-16",
        "verification": "official-registry-coordinate; entrance-unverified",
        "notes": "Об’єкт з офіційного реєстру; координати перенесені без змін. Польова перевірка не проводилася.",
        "coordinateAccuracy": "Точка об’єкта з офіційної карти",
        "entranceVerified": false,
        "access": "За даними КМДА: укриття доступне лише для учасників освітнього процесу.",
        "accessible": false,
        "capacity": null,
        "alsoListedIn": []
      },
      "geometry": {
        "type": "Point",
        "coordinates": [
          30.387330000000077,
          50.431520000000035
        ]
      }
    },
    {
      "type": "Feature",
      "properties": {
        "id": "kyiv-75941",
        "ref": "30",
        "name": "КМДШ-23",
        "settlement": "Київ, Святошинський р-н",
        "address": "вул. Леся Курбаса, 10-Є",
        "kind": "Найпростіше укриття",
        "premises": "Підвал, Заклад культури",
        "operator": "КМДШ-23",
        "sourceName": "КМДА, мапа укриттів Києва",
        "source": "https://gis.kyivcity.gov.ua/shelter/",
        "coordinateSource": "https://gisserver-stage.kyivcity.gov.ua/mayno/rest/services/KYIV_API/Public_protection/MapServer/0",
        "sourceId": "75941",
        "retrievedAt": "2026-09-16",
        "verification": "official-registry-coordinate; entrance-unverified",
        "notes": "Об’єкт з офіційного реєстру; координати перенесені без змін. Польова перевірка не проводилася.",
        "coordinateAccuracy": "Точка об’єкта з офіційної карти",
        "entranceVerified": false,
        "access": "За даними КМДА: цілодобово.",
        "accessible": false,
        "capacity": null,
        "alsoListedIn": []
      },
      "geometry": {
        "type": "Point",
        "coordinates": [
          30.376544812000077,
          50.43113533700006
        ]
      }
    },
    {
      "type": "Feature",
      "properties": {
        "id": "kyiv-78188",
        "ref": "31",
        "name": "Укриття в житловому будинку",
        "settlement": "Київ, Святошинський р-н",
        "address": "вул. Зодчих, 60/1",
        "kind": "Найпростіше укриття",
        "premises": "Підвал, Житловий будинок",
        "operator": "ОСББ \"Автотранспортник-2 \"",
        "sourceName": "КМДА, мапа укриттів Києва",
        "source": "https://gis.kyivcity.gov.ua/shelter/",
        "coordinateSource": "https://gisserver-stage.kyivcity.gov.ua/mayno/rest/services/KYIV_API/Public_protection/MapServer/0",
        "sourceId": "78188",
        "retrievedAt": "2026-09-16",
        "verification": "official-registry-coordinate; entrance-unverified",
        "notes": "Об’єкт з офіційного реєстру; координати перенесені без змін. Польова перевірка не проводилася.",
        "coordinateAccuracy": "Точка об’єкта з офіційної карти",
        "entranceVerified": false,
        "access": "За даними КМДА: цілодобово.",
        "accessible": false,
        "capacity": null,
        "alsoListedIn": []
      },
      "geometry": {
        "type": "Point",
        "coordinates": [
          30.363361000000054,
          50.43110900000005
        ]
      }
    },
    {
      "type": "Feature",
      "properties": {
        "id": "kyiv-77970",
        "ref": "32",
        "name": "КП \"Київблагоустрій\"",
        "settlement": "Київ, Святошинський р-н",
        "address": "дор. Кільцева дорога — завод «Електронмаш»",
        "kind": "Споруда подвійного призначення",
        "premises": "Підземний перехід з пандусом, Підземний перехід",
        "operator": "КП \"Київблагоустрій\"",
        "sourceName": "КМДА, мапа укриттів Києва",
        "source": "https://gis.kyivcity.gov.ua/shelter/",
        "coordinateSource": "https://gisserver-stage.kyivcity.gov.ua/mayno/rest/services/KYIV_API/Public_protection/MapServer/0",
        "sourceId": "77970",
        "retrievedAt": "2026-09-16",
        "verification": "official-registry-coordinate; entrance-unverified",
        "notes": "Об’єкт з офіційного реєстру; координати перенесені без змін. Польова перевірка не проводилася.",
        "coordinateAccuracy": "Точка об’єкта з офіційної карти",
        "entranceVerified": false,
        "access": "За даними КМДА: цілодобово.",
        "accessible": true,
        "capacity": null,
        "alsoListedIn": []
      },
      "geometry": {
        "type": "Point",
        "coordinates": [
          30.36200800000006,
          50.43110100000007
        ]
      }
    },
    {
      "type": "Feature",
      "properties": {
        "id": "kyiv-78009",
        "ref": "33",
        "name": "Укриття в житловому будинку",
        "settlement": "Київ, Святошинський р-н",
        "address": "вул. Тулузи, 3-Б",
        "kind": "Найпростіше укриття",
        "premises": "Підвал, Житловий будинок",
        "operator": "КП «Житло сервіс»",
        "sourceName": "КМДА, мапа укриттів Києва",
        "source": "https://gis.kyivcity.gov.ua/shelter/",
        "coordinateSource": "https://gisserver-stage.kyivcity.gov.ua/mayno/rest/services/KYIV_API/Public_protection/MapServer/0",
        "sourceId": "78009",
        "retrievedAt": "2026-09-16",
        "verification": "official-registry-coordinate; entrance-unverified",
        "notes": "Об’єкт з офіційного реєстру; координати перенесені без змін. Польова перевірка не проводилася.",
        "coordinateAccuracy": "Точка об’єкта з офіційної карти",
        "entranceVerified": false,
        "access": "За даними КМДА: цілодобово.",
        "accessible": false,
        "capacity": null,
        "alsoListedIn": []
      },
      "geometry": {
        "type": "Point",
        "coordinates": [
          30.367527000000052,
          50.43091400000003
        ]
      }
    },
    {
      "type": "Feature",
      "properties": {
        "id": "kyiv-77676",
        "ref": "34",
        "name": "ЗДО № 80",
        "settlement": "Київ, Святошинський р-н",
        "address": "просп. Леся Курбаса, 12-Є",
        "kind": "Найпростіше укриття",
        "premises": "Підвал ОЗ, Дошкільний навчальний заклад",
        "operator": "ЗДО № 80",
        "sourceName": "КМДА, мапа укриттів Києва",
        "source": "https://gis.kyivcity.gov.ua/shelter/",
        "coordinateSource": "https://gisserver-stage.kyivcity.gov.ua/mayno/rest/services/KYIV_API/Public_protection/MapServer/0",
        "sourceId": "77676",
        "retrievedAt": "2026-09-16",
        "verification": "official-registry-coordinate; entrance-unverified",
        "notes": "Об’єкт з офіційного реєстру; координати перенесені без змін. Польова перевірка не проводилася.",
        "coordinateAccuracy": "Точка об’єкта з офіційної карти",
        "entranceVerified": false,
        "access": "За даними КМДА: укриття доступне лише для учасників освітнього процесу.",
        "accessible": false,
        "capacity": null,
        "alsoListedIn": []
      },
      "geometry": {
        "type": "Point",
        "coordinates": [
          30.374693000000036,
          50.43056400000006
        ]
      }
    },
    {
      "type": "Feature",
      "properties": {
        "id": "kyiv-78577",
        "ref": "35",
        "name": "КП \"Київблагоустрій\"",
        "settlement": "Київ, Святошинський р-н",
        "address": "просп. Леся Курбаса — вул. Академіка Корольова",
        "kind": "Споруда подвійного призначення",
        "premises": "Підземний перехід з пандусом, Підземний перехід",
        "operator": "КП \"Київблагоустрій\"",
        "sourceName": "КМДА, мапа укриттів Києва",
        "source": "https://gis.kyivcity.gov.ua/shelter/",
        "coordinateSource": "https://gisserver-stage.kyivcity.gov.ua/mayno/rest/services/KYIV_API/Public_protection/MapServer/0",
        "sourceId": "78577",
        "retrievedAt": "2026-09-16",
        "verification": "official-registry-coordinate; entrance-unverified",
        "notes": "Об’єкт з офіційного реєстру; координати перенесені без змін. Польова перевірка не проводилася.",
        "coordinateAccuracy": "Точка об’єкта з офіційної карти",
        "entranceVerified": false,
        "access": "За даними КМДА: цілодобово.",
        "accessible": true,
        "capacity": null,
        "alsoListedIn": []
      },
      "geometry": {
        "type": "Point",
        "coordinates": [
          30.389947000000063,
          50.430558000000076
        ]
      }
    },
    {
      "type": "Feature",
      "properties": {
        "id": "kyiv-75199",
        "ref": "36",
        "name": "СЗШ № 205",
        "settlement": "Київ, Святошинський р-н",
        "address": "просп. Леся Курбаса, 10-Д",
        "kind": "Найпростіше укриття",
        "premises": "Підвал ОЗ, Школа",
        "operator": "СЗШ № 205",
        "sourceName": "КМДА, мапа укриттів Києва",
        "source": "https://gis.kyivcity.gov.ua/shelter/",
        "coordinateSource": "https://gisserver-stage.kyivcity.gov.ua/mayno/rest/services/KYIV_API/Public_protection/MapServer/0",
        "sourceId": "75199",
        "retrievedAt": "2026-09-16",
        "verification": "official-registry-coordinate; entrance-unverified",
        "notes": "Об’єкт з офіційного реєстру; координати перенесені без змін. Польова перевірка не проводилася.",
        "coordinateAccuracy": "Точка об’єкта з офіційної карти",
        "entranceVerified": false,
        "access": "За даними КМДА: впродовж навчального дня доступ надається тільки учасникам освітнього процесу.",
        "accessible": false,
        "capacity": null,
        "alsoListedIn": []
      },
      "geometry": {
        "type": "Point",
        "coordinates": [
          30.377924000000064,
          50.430327000000034
        ]
      }
    },
    {
      "type": "Feature",
      "properties": {
        "id": "kyiv-75124",
        "ref": "37",
        "name": "Ліцей № 198",
        "settlement": "Київ, Святошинський р-н",
        "address": "вул. Тулузи, 6",
        "kind": "Найпростіше укриття",
        "premises": "Підвал ОЗ, Ліцей",
        "operator": "Ліцей № 198",
        "sourceName": "КМДА, мапа укриттів Києва",
        "source": "https://gis.kyivcity.gov.ua/shelter/",
        "coordinateSource": "https://gisserver-stage.kyivcity.gov.ua/mayno/rest/services/KYIV_API/Public_protection/MapServer/0",
        "sourceId": "75124",
        "retrievedAt": "2026-09-16",
        "verification": "official-registry-coordinate; entrance-unverified",
        "notes": "Об’єкт з офіційного реєстру; координати перенесені без змін. Польова перевірка не проводилася.",
        "coordinateAccuracy": "Точка об’єкта з офіційної карти",
        "entranceVerified": false,
        "access": "За даними КМДА: проводяться ремонтні роботи до 30.10.2025.",
        "accessible": false,
        "capacity": null,
        "alsoListedIn": []
      },
      "geometry": {
        "type": "Point",
        "coordinates": [
          30.368506000000025,
          50.43031600000006
        ]
      }
    },
    {
      "type": "Feature",
      "properties": {
        "id": "kyiv-77888",
        "ref": "38",
        "name": "ДНЗ № 95",
        "settlement": "Київ, Святошинський р-н",
        "address": "б-р Жуля Верна, 4-Д",
        "kind": "Найпростіше укриття",
        "premises": "Підвал ОЗ, Заклад дошкільної освіти",
        "operator": "ДНЗ № 95",
        "sourceName": "КМДА, мапа укриттів Києва",
        "source": "https://gis.kyivcity.gov.ua/shelter/",
        "coordinateSource": "https://gisserver-stage.kyivcity.gov.ua/mayno/rest/services/KYIV_API/Public_protection/MapServer/0",
        "sourceId": "77888",
        "retrievedAt": "2026-09-16",
        "verification": "official-registry-coordinate; entrance-unverified",
        "notes": "Об’єкт з офіційного реєстру; координати перенесені без змін. Польова перевірка не проводилася.",
        "coordinateAccuracy": "Точка об’єкта з офіційної карти",
        "entranceVerified": false,
        "access": "За даними КМДА: укриття доступне лише для учасників освітнього процесу.",
        "accessible": false,
        "capacity": null,
        "alsoListedIn": []
      },
      "geometry": {
        "type": "Point",
        "coordinates": [
          30.373150000000066,
          50.43022000000008
        ]
      }
    },
    {
      "type": "Feature",
      "properties": {
        "id": "kyiv-75113",
        "ref": "39",
        "name": "Укриття в житловому будинку",
        "settlement": "Київ, Святошинський р-н",
        "address": "просп. Леся Курбаса, 5-В",
        "kind": "Найпростіше укриття",
        "premises": "Підвал, Житловий будинок",
        "operator": "ТОВ \"Новобудова\"",
        "sourceName": "КМДА, мапа укриттів Києва",
        "source": "https://gis.kyivcity.gov.ua/shelter/",
        "coordinateSource": "https://gisserver-stage.kyivcity.gov.ua/mayno/rest/services/KYIV_API/Public_protection/MapServer/0",
        "sourceId": "75113",
        "retrievedAt": "2026-09-16",
        "verification": "official-registry-coordinate; entrance-unverified",
        "notes": "Об’єкт з офіційного реєстру; координати перенесені без змін. Польова перевірка не проводилася.",
        "coordinateAccuracy": "Точка об’єкта з офіційної карти",
        "entranceVerified": false,
        "access": "За даними КМДА: цілодобово.",
        "accessible": false,
        "capacity": null,
        "alsoListedIn": []
      },
      "geometry": {
        "type": "Point",
        "coordinates": [
          30.390784000000053,
          50.43020900000005
        ]
      }
    },
    {
      "type": "Feature",
      "properties": {
        "id": "kyiv-78034",
        "ref": "40",
        "name": "Укриття в житловому будинку",
        "settlement": "Київ, Святошинський р-н",
        "address": "вул. Тулузи, 4",
        "kind": "Найпростіше укриття",
        "premises": "Підвал, Багатоквартирний будинок",
        "operator": "КП \" ККОЖФ Святошинського району\"",
        "sourceName": "КМДА, мапа укриттів Києва",
        "source": "https://gis.kyivcity.gov.ua/shelter/",
        "coordinateSource": "https://gisserver-stage.kyivcity.gov.ua/mayno/rest/services/KYIV_API/Public_protection/MapServer/0",
        "sourceId": "78034",
        "retrievedAt": "2026-09-16",
        "verification": "official-registry-coordinate; entrance-unverified",
        "notes": "Об’єкт з офіційного реєстру; координати перенесені без змін. Польова перевірка не проводилася.",
        "coordinateAccuracy": "Точка об’єкта з офіційної карти",
        "entranceVerified": false,
        "access": "За даними КМДА: цілодобово.",
        "accessible": false,
        "capacity": null,
        "alsoListedIn": []
      },
      "geometry": {
        "type": "Point",
        "coordinates": [
          30.367169239000077,
          50.42976469900003
        ]
      }
    },
    {
      "type": "Feature",
      "properties": {
        "id": "kyiv-76550",
        "ref": "41",
        "name": "Центр військово-патріотичного та спортивного виховання молоді «Десантник»",
        "settlement": "Київ, Святошинський р-н",
        "address": "просп. Леся Курбаса, 12-Г",
        "kind": "Найпростіше укриття",
        "premises": "Підвал ОЗ, Навчальний корпус",
        "operator": "Центр військово-патріотичного та спортивного виховання молоді «Десантник»",
        "sourceName": "КМДА, мапа укриттів Києва",
        "source": "https://gis.kyivcity.gov.ua/shelter/",
        "coordinateSource": "https://gisserver-stage.kyivcity.gov.ua/mayno/rest/services/KYIV_API/Public_protection/MapServer/0",
        "sourceId": "76550",
        "retrievedAt": "2026-09-16",
        "verification": "official-registry-coordinate; entrance-unverified",
        "notes": "Об’єкт з офіційного реєстру; координати перенесені без змін. Польова перевірка не проводилася.",
        "coordinateAccuracy": "Точка об’єкта з офіційної карти",
        "entranceVerified": false,
        "access": "За даними КМДА: цілодобово.",
        "accessible": false,
        "capacity": null,
        "alsoListedIn": []
      },
      "geometry": {
        "type": "Point",
        "coordinates": [
          30.375443000000075,
          50.42964900000004
        ]
      }
    },
    {
      "type": "Feature",
      "properties": {
        "id": "kyiv-76223",
        "ref": "42",
        "name": "Укриття в житловому будинку",
        "settlement": "Київ, Святошинський р-н",
        "address": "вул. Академіка Корольова, 10-В",
        "kind": "Найпростіше укриття",
        "premises": "Підвал, Багатоквартирний будинок",
        "operator": "КП \"ККОЖФ\" Святошинського району",
        "sourceName": "КМДА, мапа укриттів Києва",
        "source": "https://gis.kyivcity.gov.ua/shelter/",
        "coordinateSource": "https://gisserver-stage.kyivcity.gov.ua/mayno/rest/services/KYIV_API/Public_protection/MapServer/0",
        "sourceId": "76223",
        "retrievedAt": "2026-09-16",
        "verification": "official-registry-coordinate; entrance-unverified",
        "notes": "Об’єкт з офіційного реєстру; координати перенесені без змін. Польова перевірка не проводилася.",
        "coordinateAccuracy": "Точка об’єкта з офіційної карти",
        "entranceVerified": false,
        "access": "За даними КМДА: цілодобово.",
        "accessible": false,
        "capacity": null,
        "alsoListedIn": []
      },
      "geometry": {
        "type": "Point",
        "coordinates": [
          30.394788514000027,
          50.42955984500003
        ]
      }
    },
    {
      "type": "Feature",
      "properties": {
        "id": "kyiv-79154",
        "ref": "43",
        "name": "ЗДО № 547",
        "settlement": "Київ, Святошинський р-н",
        "address": "вул. Академіка Корольова, 8-А",
        "kind": "Найпростіше укриття",
        "premises": "Підвал ОЗ, Дошкільний навчальний заклад",
        "operator": "ЗДО № 547",
        "sourceName": "КМДА, мапа укриттів Києва",
        "source": "https://gis.kyivcity.gov.ua/shelter/",
        "coordinateSource": "https://gisserver-stage.kyivcity.gov.ua/mayno/rest/services/KYIV_API/Public_protection/MapServer/0",
        "sourceId": "79154",
        "retrievedAt": "2026-09-16",
        "verification": "official-registry-coordinate; entrance-unverified",
        "notes": "Об’єкт з офіційного реєстру; координати перенесені без змін. Польова перевірка не проводилася.",
        "coordinateAccuracy": "Точка об’єкта з офіційної карти",
        "entranceVerified": false,
        "access": "За даними КМДА: укриття доступне лише для учасників освітнього процесу.",
        "accessible": false,
        "capacity": null,
        "alsoListedIn": []
      },
      "geometry": {
        "type": "Point",
        "coordinates": [
          30.39417572900004,
          50.429359128000044
        ]
      }
    },
    {
      "type": "Feature",
      "properties": {
        "id": "kyiv-76513",
        "ref": "44",
        "name": "Укриття в житловому будинку",
        "settlement": "Київ, Святошинський р-н",
        "address": "вул. Володимира Покотила, 1",
        "kind": "Найпростіше укриття",
        "premises": "Підвал, Житловий будинок",
        "operator": "ЖБК \"Жовтень-3\"",
        "sourceName": "КМДА, мапа укриттів Києва",
        "source": "https://gis.kyivcity.gov.ua/shelter/",
        "coordinateSource": "https://gisserver-stage.kyivcity.gov.ua/mayno/rest/services/KYIV_API/Public_protection/MapServer/0",
        "sourceId": "76513",
        "retrievedAt": "2026-09-16",
        "verification": "official-registry-coordinate; entrance-unverified",
        "notes": "Об’єкт з офіційного реєстру; координати перенесені без змін. Польова перевірка не проводилася.",
        "coordinateAccuracy": "Точка об’єкта з офіційної карти",
        "entranceVerified": false,
        "access": "За даними КМДА: цілодобово.",
        "accessible": false,
        "capacity": null,
        "alsoListedIn": []
      },
      "geometry": {
        "type": "Point",
        "coordinates": [
          30.387039000000073,
          50.42917700000004
        ]
      }
    },
    {
      "type": "Feature",
      "properties": {
        "id": "kyiv-76577",
        "ref": "45",
        "name": "Укриття в житловому будинку",
        "settlement": "Київ, Святошинський р-н",
        "address": "вул. Академіка Корольова, 9-А",
        "kind": "Найпростіше укриття",
        "premises": "Підвал, Житловий будинок",
        "operator": "КП \"ККОЖФ\" Святошинського району",
        "sourceName": "КМДА, мапа укриттів Києва",
        "source": "https://gis.kyivcity.gov.ua/shelter/",
        "coordinateSource": "https://gisserver-stage.kyivcity.gov.ua/mayno/rest/services/KYIV_API/Public_protection/MapServer/0",
        "sourceId": "76577",
        "retrievedAt": "2026-09-16",
        "verification": "official-registry-coordinate; entrance-unverified",
        "notes": "Об’єкт з офіційного реєстру; координати перенесені без змін. Польова перевірка не проводилася.",
        "coordinateAccuracy": "Точка об’єкта з офіційної карти",
        "entranceVerified": false,
        "access": "За даними КМДА: цілодобово.",
        "accessible": false,
        "capacity": null,
        "alsoListedIn": []
      },
      "geometry": {
        "type": "Point",
        "coordinates": [
          30.391515000000027,
          50.42887600000006
        ]
      }
    },
    {
      "type": "Feature",
      "properties": {
        "id": "kyiv-75844",
        "ref": "46",
        "name": "Укриття в житловому будинку",
        "settlement": "Київ, Святошинський р-н",
        "address": "вул. Академіка Корольова, 9-Б",
        "kind": "Найпростіше укриття",
        "premises": "Підвал, Житловий будинок",
        "operator": "КП \"ККОЖФ\" Святошинського району",
        "sourceName": "КМДА, мапа укриттів Києва",
        "source": "https://gis.kyivcity.gov.ua/shelter/",
        "coordinateSource": "https://gisserver-stage.kyivcity.gov.ua/mayno/rest/services/KYIV_API/Public_protection/MapServer/0",
        "sourceId": "75844",
        "retrievedAt": "2026-09-16",
        "verification": "official-registry-coordinate; entrance-unverified",
        "notes": "Об’єкт з офіційного реєстру; координати перенесені без змін. Польова перевірка не проводилася.",
        "coordinateAccuracy": "Точка об’єкта з офіційної карти",
        "entranceVerified": false,
        "access": "За даними КМДА: цілодобово.",
        "accessible": false,
        "capacity": null,
        "alsoListedIn": []
      },
      "geometry": {
        "type": "Point",
        "coordinates": [
          30.391017000000033,
          50.42870700000003
        ]
      }
    },
    {
      "type": "Feature",
      "properties": {
        "id": "kyiv-75522",
        "ref": "47",
        "name": "ЗДО № 390",
        "settlement": "Київ, Святошинський р-н",
        "address": "вул. Академіка Корольова, 9-В",
        "kind": "Найпростіше укриття",
        "premises": "Підвал ОЗ, Дошкільний навчальний заклад",
        "operator": "ЗДО № 390",
        "sourceName": "КМДА, мапа укриттів Києва",
        "source": "https://gis.kyivcity.gov.ua/shelter/",
        "coordinateSource": "https://gisserver-stage.kyivcity.gov.ua/mayno/rest/services/KYIV_API/Public_protection/MapServer/0",
        "sourceId": "75522",
        "retrievedAt": "2026-09-16",
        "verification": "official-registry-coordinate; entrance-unverified",
        "notes": "Об’єкт з офіційного реєстру; координати перенесені без змін. Польова перевірка не проводилася.",
        "coordinateAccuracy": "Точка об’єкта з офіційної карти",
        "entranceVerified": false,
        "access": "За даними КМДА: укриття доступне лише для учасників освітнього процесу.",
        "accessible": false,
        "capacity": null,
        "alsoListedIn": []
      },
      "geometry": {
        "type": "Point",
        "coordinates": [
          30.389909000000046,
          50.42861400000004
        ]
      }
    },
    {
      "type": "Feature",
      "properties": {
        "id": "kyiv-76583",
        "ref": "48",
        "name": "ДНЗ № 284",
        "settlement": "Київ, Святошинський р-н",
        "address": "вул. Зодчих, 54-А",
        "kind": "Найпростіше укриття",
        "premises": "Підвал ОЗ, Дошкільний навчальний заклад",
        "operator": "ДНЗ № 284",
        "sourceName": "КМДА, мапа укриттів Києва",
        "source": "https://gis.kyivcity.gov.ua/shelter/",
        "coordinateSource": "https://gisserver-stage.kyivcity.gov.ua/mayno/rest/services/KYIV_API/Public_protection/MapServer/0",
        "sourceId": "76583",
        "retrievedAt": "2026-09-16",
        "verification": "official-registry-coordinate; entrance-unverified",
        "notes": "Об’єкт з офіційного реєстру; координати перенесені без змін. Польова перевірка не проводилася.",
        "coordinateAccuracy": "Точка об’єкта з офіційної карти",
        "entranceVerified": false,
        "access": "За даними КМДА: укриття доступне лише для учасників освітнього процесу.",
        "accessible": false,
        "capacity": null,
        "alsoListedIn": []
      },
      "geometry": {
        "type": "Point",
        "coordinates": [
          30.367930000000058,
          50.42857900000007
        ]
      }
    },
    {
      "type": "Feature",
      "properties": {
        "id": "kyiv-77550",
        "ref": "49",
        "name": "Укриття в житловому будинку",
        "settlement": "Київ, Святошинський р-н",
        "address": "вул. Зодчих, 50-В",
        "kind": "Найпростіше укриття",
        "premises": "Підвал, Житловий будинок",
        "operator": "КП \"ККОЖФ\" Святошинського району",
        "sourceName": "КМДА, мапа укриттів Києва",
        "source": "https://gis.kyivcity.gov.ua/shelter/",
        "coordinateSource": "https://gisserver-stage.kyivcity.gov.ua/mayno/rest/services/KYIV_API/Public_protection/MapServer/0",
        "sourceId": "77550",
        "retrievedAt": "2026-09-16",
        "verification": "official-registry-coordinate; entrance-unverified",
        "notes": "Об’єкт з офіційного реєстру; координати перенесені без змін. Польова перевірка не проводилася.",
        "coordinateAccuracy": "Точка об’єкта з офіційної карти",
        "entranceVerified": false,
        "access": "За даними КМДА: цілодобово.",
        "accessible": false,
        "capacity": null,
        "alsoListedIn": []
      },
      "geometry": {
        "type": "Point",
        "coordinates": [
          30.368593000000033,
          50.42775100000006
        ]
      }
    },
    {
      "type": "Feature",
      "properties": {
        "id": "kyiv-75537",
        "ref": "50",
        "name": "ДНЗ № № 249",
        "settlement": "Київ, Святошинський р-н",
        "address": "б-р Жуля Верна, 3-А",
        "kind": "Найпростіше укриття",
        "premises": "Підвал ОЗ, Дошкільний навчальний заклад",
        "operator": "ДНЗ № № 249",
        "sourceName": "КМДА, мапа укриттів Києва",
        "source": "https://gis.kyivcity.gov.ua/shelter/",
        "coordinateSource": "https://gisserver-stage.kyivcity.gov.ua/mayno/rest/services/KYIV_API/Public_protection/MapServer/0",
        "sourceId": "75537",
        "retrievedAt": "2026-09-16",
        "verification": "official-registry-coordinate; entrance-unverified",
        "notes": "Об’єкт з офіційного реєстру; координати перенесені без змін. Польова перевірка не проводилася.",
        "coordinateAccuracy": "Точка об’єкта з офіційної карти",
        "entranceVerified": false,
        "access": "За даними КМДА: укриття доступне лише для учасників освітнього процесу.",
        "accessible": false,
        "capacity": null,
        "alsoListedIn": []
      },
      "geometry": {
        "type": "Point",
        "coordinates": [
          30.37059400000004,
          50.42774500000007
        ]
      }
    },
    {
      "type": "Feature",
      "properties": {
        "id": "kyiv-75485",
        "ref": "51",
        "name": "ТОВ Новобудова",
        "settlement": "Київ, Святошинський р-н",
        "address": "вул. Леся Курбаса, 7-А (приміщення №3)",
        "kind": "Найпростіше укриття",
        "premises": "Підземний паркінг з пандусом, Паркінг",
        "operator": "ТОВ Новобудова",
        "sourceName": "КМДА, мапа укриттів Києва",
        "source": "https://gis.kyivcity.gov.ua/shelter/",
        "coordinateSource": "https://gisserver-stage.kyivcity.gov.ua/mayno/rest/services/KYIV_API/Public_protection/MapServer/0",
        "sourceId": "75485",
        "retrievedAt": "2026-09-16",
        "verification": "official-registry-coordinate; entrance-unverified",
        "notes": "Об’єкт з офіційного реєстру; координати перенесені без змін. Польова перевірка не проводилася.",
        "coordinateAccuracy": "Точка об’єкта з офіційної карти",
        "entranceVerified": false,
        "access": "За даними КМДА: цілодобово.",
        "accessible": true,
        "capacity": null,
        "alsoListedIn": []
      },
      "geometry": {
        "type": "Point",
        "coordinates": [
          30.380454564000047,
          50.427557723000064
        ]
      }
    },
    {
      "type": "Feature",
      "properties": {
        "id": "kyiv-75514",
        "ref": "52",
        "name": "ТОВ Новобудова",
        "settlement": "Київ, Святошинський р-н",
        "address": "вул. Леся Курбаса, 7-А (приміщення №2)",
        "kind": "Найпростіше укриття",
        "premises": "Підземний паркінг з пандусом, Паркінг",
        "operator": "ТОВ Новобудова",
        "sourceName": "КМДА, мапа укриттів Києва",
        "source": "https://gis.kyivcity.gov.ua/shelter/",
        "coordinateSource": "https://gisserver-stage.kyivcity.gov.ua/mayno/rest/services/KYIV_API/Public_protection/MapServer/0",
        "sourceId": "75514",
        "retrievedAt": "2026-09-16",
        "verification": "official-registry-coordinate; entrance-unverified",
        "notes": "Об’єкт з офіційного реєстру; координати перенесені без змін. Польова перевірка не проводилася.",
        "coordinateAccuracy": "Точка об’єкта з офіційної карти",
        "entranceVerified": false,
        "access": "За даними КМДА: цілодобово.",
        "accessible": true,
        "capacity": null,
        "alsoListedIn": []
      },
      "geometry": {
        "type": "Point",
        "coordinates": [
          30.380465210000068,
          50.427537131000065
        ]
      }
    },
    {
      "type": "Feature",
      "properties": {
        "id": "kyiv-75518",
        "ref": "53",
        "name": "ТОВ Новобудова",
        "settlement": "Київ, Святошинський р-н",
        "address": "вул. Леся Курбаса, 7-А (приміщення №1)",
        "kind": "Найпростіше укриття",
        "premises": "Підземний паркінг з пандусом, Паркінг",
        "operator": "ТОВ Новобудова",
        "sourceName": "КМДА, мапа укриттів Києва",
        "source": "https://gis.kyivcity.gov.ua/shelter/",
        "coordinateSource": "https://gisserver-stage.kyivcity.gov.ua/mayno/rest/services/KYIV_API/Public_protection/MapServer/0",
        "sourceId": "75518",
        "retrievedAt": "2026-09-16",
        "verification": "official-registry-coordinate; entrance-unverified",
        "notes": "Об’єкт з офіційного реєстру; координати перенесені без змін. Польова перевірка не проводилася.",
        "coordinateAccuracy": "Точка об’єкта з офіційної карти",
        "entranceVerified": false,
        "access": "За даними КМДА: цілодобово.",
        "accessible": true,
        "capacity": null,
        "alsoListedIn": []
      },
      "geometry": {
        "type": "Point",
        "coordinates": [
          30.38048325400007,
          50.42752994700004
        ]
      }
    },
    {
      "type": "Feature",
      "properties": {
        "id": "kyiv-78241",
        "ref": "54",
        "name": "ЗДО № 571",
        "settlement": "Київ, Святошинський р-н",
        "address": "вул. Володимира Покотила, 5-В",
        "kind": "Найпростіше укриття",
        "premises": "Підвал ОЗ, Дошкільний навчальний заклад",
        "operator": "ЗДО № 571",
        "sourceName": "КМДА, мапа укриттів Києва",
        "source": "https://gis.kyivcity.gov.ua/shelter/",
        "coordinateSource": "https://gisserver-stage.kyivcity.gov.ua/mayno/rest/services/KYIV_API/Public_protection/MapServer/0",
        "sourceId": "78241",
        "retrievedAt": "2026-09-16",
        "verification": "official-registry-coordinate; entrance-unverified",
        "notes": "Об’єкт з офіційного реєстру; координати перенесені без змін. Польова перевірка не проводилася.",
        "coordinateAccuracy": "Точка об’єкта з офіційної карти",
        "entranceVerified": false,
        "access": "За даними КМДА: укриття доступне лише для учасників освітнього процесу.",
        "accessible": false,
        "capacity": null,
        "alsoListedIn": []
      },
      "geometry": {
        "type": "Point",
        "coordinates": [
          30.388251000000025,
          50.42704700000007
        ]
      }
    },
    {
      "type": "Feature",
      "properties": {
        "id": "kyiv-78440",
        "ref": "55",
        "name": "АркадаЖитлоСервіс",
        "settlement": "Київ, Святошинський р-н",
        "address": "просп. Леся Курбаса, 7-Б",
        "kind": "Споруда подвійного призначення",
        "premises": "Підземний паркінг з пандусом, Підземний паркінг",
        "operator": "АркадаЖитлоСервіс",
        "sourceName": "КМДА, мапа укриттів Києва",
        "source": "https://gis.kyivcity.gov.ua/shelter/",
        "coordinateSource": "https://gisserver-stage.kyivcity.gov.ua/mayno/rest/services/KYIV_API/Public_protection/MapServer/0",
        "sourceId": "78440",
        "retrievedAt": "2026-09-16",
        "verification": "official-registry-coordinate; entrance-unverified",
        "notes": "Об’єкт з офіційного реєстру; координати перенесені без змін. Польова перевірка не проводилася.",
        "coordinateAccuracy": "Точка об’єкта з офіційної карти",
        "entranceVerified": false,
        "access": "За даними КМДА: цілодобово.",
        "accessible": true,
        "capacity": null,
        "alsoListedIn": []
      },
      "geometry": {
        "type": "Point",
        "coordinates": [
          30.381414000000063,
          50.426964000000055
        ]
      }
    },
    {
      "type": "Feature",
      "properties": {
        "id": "kyiv-75099",
        "ref": "56",
        "name": "ДНЗ № 516",
        "settlement": "Київ, Святошинський р-н",
        "address": "вул. Зодчих, 50",
        "kind": "Найпростіше укриття",
        "premises": "Підвал ОЗ, Дошкільний навчальний заклад",
        "operator": "ДНЗ № 516",
        "sourceName": "КМДА, мапа укриттів Києва",
        "source": "https://gis.kyivcity.gov.ua/shelter/",
        "coordinateSource": "https://gisserver-stage.kyivcity.gov.ua/mayno/rest/services/KYIV_API/Public_protection/MapServer/0",
        "sourceId": "75099",
        "retrievedAt": "2026-09-16",
        "verification": "official-registry-coordinate; entrance-unverified",
        "notes": "Об’єкт з офіційного реєстру; координати перенесені без змін. Польова перевірка не проводилася.",
        "coordinateAccuracy": "Точка об’єкта з офіційної карти",
        "entranceVerified": false,
        "access": "За даними КМДА: укриття доступне лише для учасників освітнього процесу.",
        "accessible": false,
        "capacity": null,
        "alsoListedIn": []
      },
      "geometry": {
        "type": "Point",
        "coordinates": [
          30.368730000000028,
          50.42688400000003
        ]
      }
    },
    {
      "type": "Feature",
      "properties": {
        "id": "kyiv-77734",
        "ref": "57",
        "name": "Укриття в житловому будинку",
        "settlement": "Київ, Святошинський р-н",
        "address": "вул. Василя Доманицького, 1-Д",
        "kind": "Найпростіше укриття",
        "premises": "Підвал, Житловий будинок",
        "operator": "КП \"ККОЖФ\" Святошинського району",
        "sourceName": "КМДА, мапа укриттів Києва",
        "source": "https://gis.kyivcity.gov.ua/shelter/",
        "coordinateSource": "https://gisserver-stage.kyivcity.gov.ua/mayno/rest/services/KYIV_API/Public_protection/MapServer/0",
        "sourceId": "77734",
        "retrievedAt": "2026-09-16",
        "verification": "official-registry-coordinate; entrance-unverified",
        "notes": "Об’єкт з офіційного реєстру; координати перенесені без змін. Польова перевірка не проводилася.",
        "coordinateAccuracy": "Точка об’єкта з офіційної карти",
        "entranceVerified": false,
        "access": "За даними КМДА: цілодобово.",
        "accessible": false,
        "capacity": null,
        "alsoListedIn": []
      },
      "geometry": {
        "type": "Point",
        "coordinates": [
          30.38887900000003,
          50.42664700000006
        ]
      }
    },
    {
      "type": "Feature",
      "properties": {
        "id": "kyiv-78170",
        "ref": "58",
        "name": "КП \"Київблагоустрій\"",
        "settlement": "Київ, Святошинський р-н",
        "address": "просп. Леся Курбаса (ст. «Ромена Ролана»)",
        "kind": "Споруда подвійного призначення",
        "premises": "Підземний перехід з пандусом, Підземний перехід",
        "operator": "КП \"Київблагоустрій\"",
        "sourceName": "КМДА, мапа укриттів Києва",
        "source": "https://gis.kyivcity.gov.ua/shelter/",
        "coordinateSource": "https://gisserver-stage.kyivcity.gov.ua/mayno/rest/services/KYIV_API/Public_protection/MapServer/0",
        "sourceId": "78170",
        "retrievedAt": "2026-09-16",
        "verification": "official-registry-coordinate; entrance-unverified",
        "notes": "Об’єкт з офіційного реєстру; координати перенесені без змін. Польова перевірка не проводилася.",
        "coordinateAccuracy": "Точка об’єкта з офіційної карти",
        "entranceVerified": false,
        "access": "За даними КМДА: цілодобово.",
        "accessible": true,
        "capacity": null,
        "alsoListedIn": []
      },
      "geometry": {
        "type": "Point",
        "coordinates": [
          30.37386900000007,
          50.42639900000006
        ]
      }
    },
    {
      "type": "Feature",
      "properties": {
        "id": "kyiv-77394",
        "ref": "59",
        "name": "Центр військово-патріотичного та спортивного виховання молоді «Десантник»",
        "settlement": "Київ, Святошинський р-н",
        "address": "просп. Леся Курбаса, 18-Д",
        "kind": "Найпростіше укриття",
        "premises": "Підвал ОЗ, Навчальний корпус",
        "operator": "Центр військово-патріотичного та спортивного виховання молоді «Десантник»",
        "sourceName": "КМДА, мапа укриттів Києва",
        "source": "https://gis.kyivcity.gov.ua/shelter/",
        "coordinateSource": "https://gisserver-stage.kyivcity.gov.ua/mayno/rest/services/KYIV_API/Public_protection/MapServer/0",
        "sourceId": "77394",
        "retrievedAt": "2026-09-16",
        "verification": "official-registry-coordinate; entrance-unverified",
        "notes": "Об’єкт з офіційного реєстру; координати перенесені без змін. Польова перевірка не проводилася.",
        "coordinateAccuracy": "Точка об’єкта з офіційної карти",
        "entranceVerified": false,
        "access": "За даними КМДА: цілодобово.",
        "accessible": false,
        "capacity": null,
        "alsoListedIn": []
      },
      "geometry": {
        "type": "Point",
        "coordinates": [
          30.369701000000077,
          50.42632000000003
        ]
      }
    },
    {
      "type": "Feature",
      "properties": {
        "id": "kyiv-77927",
        "ref": "60",
        "name": "СШ № 206",
        "settlement": "Київ, Святошинський р-н",
        "address": "просп. Леся Курбаса, 9-А",
        "kind": "Найпростіше укриття",
        "premises": "Підвал ОЗ, Школа",
        "operator": "СШ № 206",
        "sourceName": "КМДА, мапа укриттів Києва",
        "source": "https://gis.kyivcity.gov.ua/shelter/",
        "coordinateSource": "https://gisserver-stage.kyivcity.gov.ua/mayno/rest/services/KYIV_API/Public_protection/MapServer/0",
        "sourceId": "77927",
        "retrievedAt": "2026-09-16",
        "verification": "official-registry-coordinate; entrance-unverified",
        "notes": "Об’єкт з офіційного реєстру; координати перенесені без змін. Польова перевірка не проводилася.",
        "coordinateAccuracy": "Точка об’єкта з офіційної карти",
        "entranceVerified": false,
        "access": "За даними КМДА: впродовж навчального дня доступ надається тільки учасникам освітнього процесу.",
        "accessible": false,
        "capacity": null,
        "alsoListedIn": []
      },
      "geometry": {
        "type": "Point",
        "coordinates": [
          30.37995200000006,
          50.42631200000005
        ]
      }
    },
    {
      "type": "Feature",
      "properties": {
        "id": "kyiv-79230",
        "ref": "61",
        "name": "АркадаЖитлоСервіс",
        "settlement": "Київ, Святошинський р-н",
        "address": "просп. Леся Курбаса, 7-Б",
        "kind": "Найпростіше укриття",
        "premises": "Підземний паркінг з пандусом, Паркінг",
        "operator": "АркадаЖитлоСервіс",
        "sourceName": "КМДА, мапа укриттів Києва",
        "source": "https://gis.kyivcity.gov.ua/shelter/",
        "coordinateSource": "https://gisserver-stage.kyivcity.gov.ua/mayno/rest/services/KYIV_API/Public_protection/MapServer/0",
        "sourceId": "79230",
        "retrievedAt": "2026-09-16",
        "verification": "official-registry-coordinate; entrance-unverified",
        "notes": "Об’єкт з офіційного реєстру; координати перенесені без змін. Польова перевірка не проводилася.",
        "coordinateAccuracy": "Точка об’єкта з офіційної карти",
        "entranceVerified": false,
        "access": "За даними КМДА: цілодобово.",
        "accessible": null,
        "capacity": null,
        "alsoListedIn": []
      },
      "geometry": {
        "type": "Point",
        "coordinates": [
          30.381991516000028,
          50.426119064000034
        ]
      }
    },
    {
      "type": "Feature",
      "properties": {
        "id": "kyiv-77768",
        "ref": "62",
        "name": "СЗШ № 13",
        "settlement": "Київ, Святошинський р-н",
        "address": "вул. Василя Доманицького, 3",
        "kind": "Найпростіше укриття",
        "premises": "Підвал ОЗ, Школа",
        "operator": "СЗШ № 13",
        "sourceName": "КМДА, мапа укриттів Києва",
        "source": "https://gis.kyivcity.gov.ua/shelter/",
        "coordinateSource": "https://gisserver-stage.kyivcity.gov.ua/mayno/rest/services/KYIV_API/Public_protection/MapServer/0",
        "sourceId": "77768",
        "retrievedAt": "2026-09-16",
        "verification": "official-registry-coordinate; entrance-unverified",
        "notes": "Об’єкт з офіційного реєстру; координати перенесені без змін. Польова перевірка не проводилася.",
        "coordinateAccuracy": "Точка об’єкта з офіційної карти",
        "entranceVerified": false,
        "access": "За даними КМДА: впродовж навчального дня доступ надається тільки учасникам освітнього процесу.",
        "accessible": false,
        "capacity": null,
        "alsoListedIn": []
      },
      "geometry": {
        "type": "Point",
        "coordinates": [
          30.389996000000053,
          50.42576100000008
        ]
      }
    },
    {
      "type": "Feature",
      "properties": {
        "id": "kyiv-76689",
        "ref": "63",
        "name": "ЗДО № 127",
        "settlement": "Київ, Святошинський р-н",
        "address": "б-р Миколи Руденка, 24-Б",
        "kind": "Найпростіше укриття",
        "premises": "Підвал ОЗ, Дошкільний навчальний заклад",
        "operator": "ЗДО № 127",
        "sourceName": "КМДА, мапа укриттів Києва",
        "source": "https://gis.kyivcity.gov.ua/shelter/",
        "coordinateSource": "https://gisserver-stage.kyivcity.gov.ua/mayno/rest/services/KYIV_API/Public_protection/MapServer/0",
        "sourceId": "76689",
        "retrievedAt": "2026-09-16",
        "verification": "official-registry-coordinate; entrance-unverified",
        "notes": "Об’єкт з офіційного реєстру; координати перенесені без змін. Польова перевірка не проводилася.",
        "coordinateAccuracy": "Точка об’єкта з офіційної карти",
        "entranceVerified": false,
        "access": "За даними КМДА: укриття доступне лише для учасників освітнього процесу.",
        "accessible": false,
        "capacity": null,
        "alsoListedIn": []
      },
      "geometry": {
        "type": "Point",
        "coordinates": [
          30.376985000000047,
          50.42565300000007
        ]
      }
    },
    {
      "type": "Feature",
      "properties": {
        "id": "kyiv-76960",
        "ref": "64",
        "name": "Центр позашкільної роботи",
        "settlement": "Київ, Святошинський р-н",
        "address": "просп. Леся Курбаса, 7-Г",
        "kind": "Найпростіше укриття",
        "premises": "Підвал ОЗ, Навчальний корпус",
        "operator": "Центр позашкільної роботи",
        "sourceName": "КМДА, мапа укриттів Києва",
        "source": "https://gis.kyivcity.gov.ua/shelter/",
        "coordinateSource": "https://gisserver-stage.kyivcity.gov.ua/mayno/rest/services/KYIV_API/Public_protection/MapServer/0",
        "sourceId": "76960",
        "retrievedAt": "2026-09-16",
        "verification": "official-registry-coordinate; entrance-unverified",
        "notes": "Об’єкт з офіційного реєстру; координати перенесені без змін. Польова перевірка не проводилася.",
        "coordinateAccuracy": "Точка об’єкта з офіційної карти",
        "entranceVerified": false,
        "access": "За даними КМДА: цілодобово.",
        "accessible": false,
        "capacity": null,
        "alsoListedIn": []
      },
      "geometry": {
        "type": "Point",
        "coordinates": [
          30.382307000000026,
          50.425415000000044
        ]
      }
    },
    {
      "type": "Feature",
      "properties": {
        "id": "kyiv-78589",
        "ref": "65",
        "name": "ТОВ \"ЯвірЖитлобуд-2\"",
        "settlement": "Київ, Святошинський р-н",
        "address": "б-р Миколи Руденка, 14-М",
        "kind": "Споруда подвійного призначення",
        "premises": "Підземний паркінг з пандусом, Підземний паркінг",
        "operator": "ТОВ \"ЯвірЖитлобуд-2\"",
        "sourceName": "КМДА, мапа укриттів Києва",
        "source": "https://gis.kyivcity.gov.ua/shelter/",
        "coordinateSource": "https://gisserver-stage.kyivcity.gov.ua/mayno/rest/services/KYIV_API/Public_protection/MapServer/0",
        "sourceId": "78589",
        "retrievedAt": "2026-09-16",
        "verification": "official-registry-coordinate; entrance-unverified",
        "notes": "Об’єкт з офіційного реєстру; координати перенесені без змін. Польова перевірка не проводилася.",
        "coordinateAccuracy": "Точка об’єкта з офіційної карти",
        "entranceVerified": false,
        "access": "За даними КМДА: цілодобово.",
        "accessible": true,
        "capacity": null,
        "alsoListedIn": []
      },
      "geometry": {
        "type": "Point",
        "coordinates": [
          30.382820000000038,
          50.42453800000004
        ]
      }
    },
    {
      "type": "Feature",
      "properties": {
        "id": "kyiv-77176",
        "ref": "66",
        "name": "ЗДО № 145",
        "settlement": "Київ, Святошинський р-н",
        "address": "б-р Миколи Руденка, 20-Б",
        "kind": "Найпростіше укриття",
        "premises": "Підвал ОЗ, Дошкільний навчальний заклад",
        "operator": "ЗДО № 145",
        "sourceName": "КМДА, мапа укриттів Києва",
        "source": "https://gis.kyivcity.gov.ua/shelter/",
        "coordinateSource": "https://gisserver-stage.kyivcity.gov.ua/mayno/rest/services/KYIV_API/Public_protection/MapServer/0",
        "sourceId": "77176",
        "retrievedAt": "2026-09-16",
        "verification": "official-registry-coordinate; entrance-unverified",
        "notes": "Об’єкт з офіційного реєстру; координати перенесені без змін. Польова перевірка не проводилася.",
        "coordinateAccuracy": "Точка об’єкта з офіційної карти",
        "entranceVerified": false,
        "access": "За даними КМДА: укриття доступне лише для учасників освітнього процесу.",
        "accessible": false,
        "capacity": null,
        "alsoListedIn": []
      },
      "geometry": {
        "type": "Point",
        "coordinates": [
          30.378663000000074,
          50.42450900000006
        ]
      }
    },
    {
      "type": "Feature",
      "properties": {
        "id": "kyiv-76644",
        "ref": "67",
        "name": "Укриття в житловому будинку",
        "settlement": "Київ, Святошинський р-н",
        "address": "б-р Миколи Руденка, 17-А",
        "kind": "Найпростіше укриття",
        "premises": "Підвал, Житловий будинок",
        "operator": "КП \"ККОЖФ\" Святошинського району",
        "sourceName": "КМДА, мапа укриттів Києва",
        "source": "https://gis.kyivcity.gov.ua/shelter/",
        "coordinateSource": "https://gisserver-stage.kyivcity.gov.ua/mayno/rest/services/KYIV_API/Public_protection/MapServer/0",
        "sourceId": "76644",
        "retrievedAt": "2026-09-16",
        "verification": "official-registry-coordinate; entrance-unverified",
        "notes": "Об’єкт з офіційного реєстру; координати перенесені без змін. Польова перевірка не проводилася.",
        "coordinateAccuracy": "Точка об’єкта з офіційної карти",
        "entranceVerified": false,
        "access": "За даними КМДА: цілодобово.",
        "accessible": false,
        "capacity": null,
        "alsoListedIn": []
      },
      "geometry": {
        "type": "Point",
        "coordinates": [
          30.373688000000072,
          50.424285000000054
        ]
      }
    },
    {
      "type": "Feature",
      "properties": {
        "id": "kyiv-79039",
        "ref": "68",
        "name": "Укриття в житловому будинку",
        "settlement": "Київ, Святошинський р-н",
        "address": "б-р Миколи Руденка, 20-А",
        "kind": "Найпростіше укриття",
        "premises": "Підвал, Багатоквартирний будинок",
        "operator": "КП \"ККОЖФ\" Святошинського району",
        "sourceName": "КМДА, мапа укриттів Києва",
        "source": "https://gis.kyivcity.gov.ua/shelter/",
        "coordinateSource": "https://gisserver-stage.kyivcity.gov.ua/mayno/rest/services/KYIV_API/Public_protection/MapServer/0",
        "sourceId": "79039",
        "retrievedAt": "2026-09-16",
        "verification": "official-registry-coordinate; entrance-unverified",
        "notes": "Об’єкт з офіційного реєстру; координати перенесені без змін. Польова перевірка не проводилася.",
        "coordinateAccuracy": "Точка об’єкта з офіційної карти",
        "entranceVerified": false,
        "access": "За даними КМДА: цілодобово.",
        "accessible": false,
        "capacity": null,
        "alsoListedIn": []
      },
      "geometry": {
        "type": "Point",
        "coordinates": [
          30.377805271000057,
          50.42397974600004
        ]
      }
    },
    {
      "type": "Feature",
      "properties": {
        "id": "kyiv-78934",
        "ref": "69",
        "name": "ЗДО № 156",
        "settlement": "Київ, Святошинський р-н",
        "address": "вул. Зодчих, 40-А",
        "kind": "Найпростіше укриття",
        "premises": "Підвал ОЗ, Дошкільний навчальний заклад",
        "operator": "ЗДО № 156",
        "sourceName": "КМДА, мапа укриттів Києва",
        "source": "https://gis.kyivcity.gov.ua/shelter/",
        "coordinateSource": "https://gisserver-stage.kyivcity.gov.ua/mayno/rest/services/KYIV_API/Public_protection/MapServer/0",
        "sourceId": "78934",
        "retrievedAt": "2026-09-16",
        "verification": "official-registry-coordinate; entrance-unverified",
        "notes": "Об’єкт з офіційного реєстру; координати перенесені без змін. Польова перевірка не проводилася.",
        "coordinateAccuracy": "Точка об’єкта з офіційної карти",
        "entranceVerified": false,
        "access": "За даними КМДА: укриття доступне лише для учасників освітнього процесу.",
        "accessible": false,
        "capacity": null,
        "alsoListedIn": []
      },
      "geometry": {
        "type": "Point",
        "coordinates": [
          30.372160000000065,
          50.42380000000003
        ]
      }
    },
    {
      "type": "Feature",
      "properties": {
        "id": "kyiv-77336",
        "ref": "70",
        "name": "СЗШ № 197",
        "settlement": "Київ, Святошинський р-н",
        "address": "вул. Василя Доманицького, 12",
        "kind": "Найпростіше укриття",
        "premises": "Підвал ОЗ, Школа",
        "operator": "СЗШ № 197",
        "sourceName": "КМДА, мапа укриттів Києва",
        "source": "https://gis.kyivcity.gov.ua/shelter/",
        "coordinateSource": "https://gisserver-stage.kyivcity.gov.ua/mayno/rest/services/KYIV_API/Public_protection/MapServer/0",
        "sourceId": "77336",
        "retrievedAt": "2026-09-16",
        "verification": "official-registry-coordinate; entrance-unverified",
        "notes": "Об’єкт з офіційного реєстру; координати перенесені без змін. Польова перевірка не проводилася.",
        "coordinateAccuracy": "Точка об’єкта з офіційної карти",
        "entranceVerified": false,
        "access": "За даними КМДА: впродовж навчального дня доступ надається тільки учасникам освітнього процесу.",
        "accessible": false,
        "capacity": null,
        "alsoListedIn": []
      },
      "geometry": {
        "type": "Point",
        "coordinates": [
          30.38885300000004,
          50.42321100000004
        ]
      }
    },
    {
      "type": "Feature",
      "properties": {
        "id": "kyiv-77084",
        "ref": "71",
        "name": "ЗДО № 251",
        "settlement": "Київ, Святошинський р-н",
        "address": "вул. Зодчих, 32-А",
        "kind": "Найпростіше укриття",
        "premises": "Підвал ОЗ, Дошкільний навчальний заклад",
        "operator": "ЗДО № 251",
        "sourceName": "КМДА, мапа укриттів Києва",
        "source": "https://gis.kyivcity.gov.ua/shelter/",
        "coordinateSource": "https://gisserver-stage.kyivcity.gov.ua/mayno/rest/services/KYIV_API/Public_protection/MapServer/0",
        "sourceId": "77084",
        "retrievedAt": "2026-09-16",
        "verification": "official-registry-coordinate; entrance-unverified",
        "notes": "Об’єкт з офіційного реєстру; координати перенесені без змін. Польова перевірка не проводилася.",
        "coordinateAccuracy": "Точка об’єкта з офіційної карти",
        "entranceVerified": false,
        "access": "За даними КМДА: укриття доступне лише для учасників освітнього процесу.",
        "accessible": false,
        "capacity": null,
        "alsoListedIn": []
      },
      "geometry": {
        "type": "Point",
        "coordinates": [
          30.37367800000004,
          50.42277900000005
        ]
      }
    },
    {
      "type": "Feature",
      "properties": {
        "id": "kyiv-75506",
        "ref": "72",
        "name": "ТОВ \"ЯвірЖитлобуд-2\"",
        "settlement": "Київ, Святошинський р-н",
        "address": "б-р Миколи Руденка, 14-Б",
        "kind": "Найпростіше укриття",
        "premises": "Підземний паркінг з пандусом, Паркінг",
        "operator": "ТОВ \"ЯвірЖитлобуд-2\"",
        "sourceName": "КМДА, мапа укриттів Києва",
        "source": "https://gis.kyivcity.gov.ua/shelter/",
        "coordinateSource": "https://gisserver-stage.kyivcity.gov.ua/mayno/rest/services/KYIV_API/Public_protection/MapServer/0",
        "sourceId": "75506",
        "retrievedAt": "2026-09-16",
        "verification": "official-registry-coordinate; entrance-unverified",
        "notes": "Об’єкт з офіційного реєстру; координати перенесені без змін. Польова перевірка не проводилася.",
        "coordinateAccuracy": "Точка об’єкта з офіційної карти",
        "entranceVerified": false,
        "access": "За даними КМДА: цілодобово.",
        "accessible": true,
        "capacity": null,
        "alsoListedIn": []
      },
      "geometry": {
        "type": "Point",
        "coordinates": [
          30.379637486000036,
          50.42258327600007
        ]
      }
    },
    {
      "type": "Feature",
      "properties": {
        "id": "kyiv-78129",
        "ref": "73",
        "name": "ЗДО № 277",
        "settlement": "Київ, Святошинський р-н",
        "address": "вул. Василя Кучера, 8-А",
        "kind": "Найпростіше укриття",
        "premises": "Підвал ОЗ, Дошкільний навчальний заклад",
        "operator": "ЗДО № 277",
        "sourceName": "КМДА, мапа укриттів Києва",
        "source": "https://gis.kyivcity.gov.ua/shelter/",
        "coordinateSource": "https://gisserver-stage.kyivcity.gov.ua/mayno/rest/services/KYIV_API/Public_protection/MapServer/0",
        "sourceId": "78129",
        "retrievedAt": "2026-09-16",
        "verification": "official-registry-coordinate; entrance-unverified",
        "notes": "Об’єкт з офіційного реєстру; координати перенесені без змін. Польова перевірка не проводилася.",
        "coordinateAccuracy": "Точка об’єкта з офіційної карти",
        "entranceVerified": false,
        "access": "За даними КМДА: укриття доступне лише для учасників освітнього процесу.",
        "accessible": false,
        "capacity": null,
        "alsoListedIn": []
      },
      "geometry": {
        "type": "Point",
        "coordinates": [
          30.38579500000003,
          50.422138000000075
        ]
      }
    },
    {
      "type": "Feature",
      "properties": {
        "id": "kyiv-75666",
        "ref": "74",
        "name": "ЗЗСО № 131",
        "settlement": "Київ, Святошинський р-н",
        "address": "вул. Литвиненка-Вольгемут, 2",
        "kind": "Найпростіше укриття",
        "premises": "Підвал ОЗ, Школа",
        "operator": "ЗЗСО № 131",
        "sourceName": "КМДА, мапа укриттів Києва",
        "source": "https://gis.kyivcity.gov.ua/shelter/",
        "coordinateSource": "https://gisserver-stage.kyivcity.gov.ua/mayno/rest/services/KYIV_API/Public_protection/MapServer/0",
        "sourceId": "75666",
        "retrievedAt": "2026-09-16",
        "verification": "official-registry-coordinate; entrance-unverified",
        "notes": "Об’єкт з офіційного реєстру; координати перенесені без змін. Польова перевірка не проводилася.",
        "coordinateAccuracy": "Точка об’єкта з офіційної карти",
        "entranceVerified": false,
        "access": "За даними КМДА: впродовж навчального дня доступ надається тільки учасникам освітнього процесу.",
        "accessible": false,
        "capacity": null,
        "alsoListedIn": []
      },
      "geometry": {
        "type": "Point",
        "coordinates": [
          30.375684000000035,
          50.42203600000005
        ]
      }
    },
    {
      "type": "Feature",
      "properties": {
        "id": "kyiv-79253",
        "ref": "75",
        "name": "Ліцей №197 ім.Д.Луценка",
        "settlement": "Київ, Святошинський р-н",
        "address": "вул. Василя Кучера, 6-А",
        "kind": "Найпростіше укриття",
        "premises": "Підвал ОЗ, Школа",
        "operator": "Ліцей №197 ім.Д.Луценка",
        "sourceName": "КМДА, мапа укриттів Києва",
        "source": "https://gis.kyivcity.gov.ua/shelter/",
        "coordinateSource": "https://gisserver-stage.kyivcity.gov.ua/mayno/rest/services/KYIV_API/Public_protection/MapServer/0",
        "sourceId": "79253",
        "retrievedAt": "2026-09-16",
        "verification": "official-registry-coordinate; entrance-unverified",
        "notes": "Об’єкт з офіційного реєстру; координати перенесені без змін. Польова перевірка не проводилася.",
        "coordinateAccuracy": "Точка об’єкта з офіційної карти",
        "entranceVerified": false,
        "access": "За даними КМДА: під час здійснення освітнього процесу доступне тільки для учасників освітнього процесу.",
        "accessible": null,
        "capacity": null,
        "alsoListedIn": []
      },
      "geometry": {
        "type": "Point",
        "coordinates": [
          30.38704654000003,
          50.42173952700006
        ]
      }
    },
    {
      "type": "Feature",
      "properties": {
        "id": "kyiv-78618",
        "ref": "76",
        "name": "Міжрегіональний центр ювелірного мистецтва",
        "settlement": "Київ, Святошинський р-н",
        "address": "вул. Івана Дзюби, 13",
        "kind": "Найпростіше укриття",
        "premises": "Підвал ОЗ, Навчальний корпус",
        "operator": "Міжрегіональний центр ювелірного мистецтва",
        "sourceName": "КМДА, мапа укриттів Києва",
        "source": "https://gis.kyivcity.gov.ua/shelter/",
        "coordinateSource": "https://gisserver-stage.kyivcity.gov.ua/mayno/rest/services/KYIV_API/Public_protection/MapServer/0",
        "sourceId": "78618",
        "retrievedAt": "2026-09-16",
        "verification": "official-registry-coordinate; entrance-unverified",
        "notes": "Об’єкт з офіційного реєстру; координати перенесені без змін. Польова перевірка не проводилася.",
        "coordinateAccuracy": "Точка об’єкта з офіційної карти",
        "entranceVerified": false,
        "access": "За даними КМДА: цілодобово.",
        "accessible": false,
        "capacity": null,
        "alsoListedIn": []
      },
      "geometry": {
        "type": "Point",
        "coordinates": [
          30.393615000000068,
          50.421440000000075
        ]
      }
    },
    {
      "type": "Feature",
      "properties": {
        "id": "kyiv-76611",
        "ref": "77",
        "name": "Навчально-виховний комплекс «Євроленд»",
        "settlement": "Київ, Святошинський р-н",
        "address": "вул. Литвиненка-Вольгемут, 4-А",
        "kind": "Споруда подвійного призначення",
        "premises": "Перший поверх ОЗ, Навчальний корпус",
        "operator": "Навчально-виховний комплекс «Євроленд»",
        "sourceName": "КМДА, мапа укриттів Києва",
        "source": "https://gis.kyivcity.gov.ua/shelter/",
        "coordinateSource": "https://gisserver-stage.kyivcity.gov.ua/mayno/rest/services/KYIV_API/Public_protection/MapServer/0",
        "sourceId": "76611",
        "retrievedAt": "2026-09-16",
        "verification": "official-registry-coordinate; entrance-unverified",
        "notes": "Об’єкт з офіційного реєстру; координати перенесені без змін. Польова перевірка не проводилася.",
        "coordinateAccuracy": "Точка об’єкта з офіційної карти",
        "entranceVerified": false,
        "access": "За даними КМДА: під час здійснення освітнього процесу доступне тільки для учасників освітнього процесу.",
        "accessible": false,
        "capacity": null,
        "alsoListedIn": []
      },
      "geometry": {
        "type": "Point",
        "coordinates": [
          30.37411000000003,
          50.42131900000004
        ]
      }
    },
    {
      "type": "Feature",
      "properties": {
        "id": "kyiv-76701",
        "ref": "78",
        "name": "ЗДО № 257",
        "settlement": "Київ, Святошинський р-н",
        "address": "вул. Василя Кучера, 4-А",
        "kind": "Найпростіше укриття",
        "premises": "Підвал ОЗ, Дошкільний навчальний заклад",
        "operator": "ЗДО № 257",
        "sourceName": "КМДА, мапа укриттів Києва",
        "source": "https://gis.kyivcity.gov.ua/shelter/",
        "coordinateSource": "https://gisserver-stage.kyivcity.gov.ua/mayno/rest/services/KYIV_API/Public_protection/MapServer/0",
        "sourceId": "76701",
        "retrievedAt": "2026-09-16",
        "verification": "official-registry-coordinate; entrance-unverified",
        "notes": "Об’єкт з офіційного реєстру; координати перенесені без змін. Польова перевірка не проводилася.",
        "coordinateAccuracy": "Точка об’єкта з офіційної карти",
        "entranceVerified": false,
        "access": "За даними КМДА: укриття доступне лише для учасників освітнього процесу.",
        "accessible": false,
        "capacity": null,
        "alsoListedIn": []
      },
      "geometry": {
        "type": "Point",
        "coordinates": [
          30.388025000000027,
          50.421057000000076
        ]
      }
    },
    {
      "type": "Feature",
      "properties": {
        "id": "kyiv-75282",
        "ref": "79",
        "name": "Укриття в житловому будинку",
        "settlement": "Київ, Святошинський р-н",
        "address": "б-р Миколи Руденка, 15",
        "kind": "Найпростіше укриття",
        "premises": "Підвал, Житловий будинок",
        "operator": "КП \"ККОЖФ\" Святошинського району",
        "sourceName": "КМДА, мапа укриттів Києва",
        "source": "https://gis.kyivcity.gov.ua/shelter/",
        "coordinateSource": "https://gisserver-stage.kyivcity.gov.ua/mayno/rest/services/KYIV_API/Public_protection/MapServer/0",
        "sourceId": "75282",
        "retrievedAt": "2026-09-16",
        "verification": "official-registry-coordinate; entrance-unverified",
        "notes": "Об’єкт з офіційного реєстру; координати перенесені без змін. Польова перевірка не проводилася.",
        "coordinateAccuracy": "Точка об’єкта з офіційної карти",
        "entranceVerified": false,
        "access": "За даними КМДА: цілодобово.",
        "accessible": false,
        "capacity": null,
        "alsoListedIn": []
      },
      "geometry": {
        "type": "Point",
        "coordinates": [
          30.38022200000006,
          50.42081500000006
        ]
      }
    },
    {
      "type": "Feature",
      "properties": {
        "id": "kyiv-76302",
        "ref": "80",
        "name": "Міжрегіональний центр ювелірного мистецтва",
        "settlement": "Київ, Святошинський р-н",
        "address": "вул. Івана Дзюби, 15",
        "kind": "Найпростіше укриття",
        "premises": "Підвал ОЗ, Навчальний корпус",
        "operator": "Міжрегіональний центр ювелірного мистецтва",
        "sourceName": "КМДА, мапа укриттів Києва",
        "source": "https://gis.kyivcity.gov.ua/shelter/",
        "coordinateSource": "https://gisserver-stage.kyivcity.gov.ua/mayno/rest/services/KYIV_API/Public_protection/MapServer/0",
        "sourceId": "76302",
        "retrievedAt": "2026-09-16",
        "verification": "official-registry-coordinate; entrance-unverified",
        "notes": "Об’єкт з офіційного реєстру; координати перенесені без змін. Польова перевірка не проводилася.",
        "coordinateAccuracy": "Точка об’єкта з офіційної карти",
        "entranceVerified": false,
        "access": "За даними КМДА: цілодобово.",
        "accessible": false,
        "capacity": null,
        "alsoListedIn": []
      },
      "geometry": {
        "type": "Point",
        "coordinates": [
          30.393133000000034,
          50.42053400000003
        ]
      }
    },
    {
      "type": "Feature",
      "properties": {
        "id": "kyiv-76171",
        "ref": "81",
        "name": "Укриття в житловому будинку",
        "settlement": "Київ, Святошинський р-н",
        "address": "вул. Литвиненко-Вольгемут, 3-А",
        "kind": "Найпростіше укриття",
        "premises": "Підвал, Багатоквартирний будинок",
        "operator": "КП \" ККОЖФ Святошинського району\"",
        "sourceName": "КМДА, мапа укриттів Києва",
        "source": "https://gis.kyivcity.gov.ua/shelter/",
        "coordinateSource": "https://gisserver-stage.kyivcity.gov.ua/mayno/rest/services/KYIV_API/Public_protection/MapServer/0",
        "sourceId": "76171",
        "retrievedAt": "2026-09-16",
        "verification": "official-registry-coordinate; entrance-unverified",
        "notes": "Об’єкт з офіційного реєстру; координати перенесені без змін. Польова перевірка не проводилася.",
        "coordinateAccuracy": "Точка об’єкта з офіційної карти",
        "entranceVerified": false,
        "access": "За даними КМДА: цілодобово.",
        "accessible": false,
        "capacity": null,
        "alsoListedIn": []
      },
      "geometry": {
        "type": "Point",
        "coordinates": [
          30.377172667000025,
          50.420468432000064
        ]
      }
    },
    {
      "type": "Feature",
      "properties": {
        "id": "kyiv-75624",
        "ref": "82",
        "name": "КНП «Київський міський пологовий будинок №3",
        "settlement": "Київ, Святошинський р-н",
        "address": "вул. Василя Кучера, 7",
        "kind": "Найпростіше укриття",
        "premises": "Підвал, Лікувальний корпус",
        "operator": "КНП «Київський міський пологовий будинок №3",
        "sourceName": "КМДА, мапа укриттів Києва",
        "source": "https://gis.kyivcity.gov.ua/shelter/",
        "coordinateSource": "https://gisserver-stage.kyivcity.gov.ua/mayno/rest/services/KYIV_API/Public_protection/MapServer/0",
        "sourceId": "75624",
        "retrievedAt": "2026-09-16",
        "verification": "official-registry-coordinate; entrance-unverified",
        "notes": "Об’єкт з офіційного реєстру; координати перенесені без змін. Польова перевірка не проводилася.",
        "coordinateAccuracy": "Точка об’єкта з офіційної карти",
        "entranceVerified": false,
        "access": "За даними КМДА: цілодобово.",
        "accessible": false,
        "capacity": null,
        "alsoListedIn": []
      },
      "geometry": {
        "type": "Point",
        "coordinates": [
          30.383883000000026,
          50.42025200000006
        ]
      }
    },
    {
      "type": "Feature",
      "properties": {
        "id": "kyiv-76101",
        "ref": "83",
        "name": "КНП \"Київський міський пологовий будинок № 3\"",
        "settlement": "Київ, Святошинський р-н",
        "address": "вул. Василя Кучера, 7",
        "kind": "Захисна споруда",
        "premises": "Підвал, Заклад охорони здоров'я",
        "operator": "КНП \"Київський міський пологовий будинок № 3\"",
        "sourceName": "КМДА, мапа укриттів Києва",
        "source": "https://gis.kyivcity.gov.ua/shelter/",
        "coordinateSource": "https://gisserver-stage.kyivcity.gov.ua/mayno/rest/services/KYIV_API/Public_protection/MapServer/0",
        "sourceId": "76101",
        "retrievedAt": "2026-09-16",
        "verification": "official-registry-coordinate; entrance-unverified",
        "notes": "Об’єкт з офіційного реєстру; координати перенесені без змін. Польова перевірка не проводилася.",
        "coordinateAccuracy": "Точка об’єкта з офіційної карти",
        "entranceVerified": false,
        "access": "За даними КМДА: цілодобово.",
        "accessible": false,
        "capacity": null,
        "alsoListedIn": []
      },
      "geometry": {
        "type": "Point",
        "coordinates": [
          30.384010000000046,
          50.42023300000005
        ]
      }
    },
    {
      "type": "Feature",
      "properties": {
        "id": "kyiv-78886",
        "ref": "84",
        "name": "Приватний навчальний заклад \"Європейський університет\"",
        "settlement": "Київ, Святошинський р-н",
        "address": "б-р Миколи Руденка, 15-В",
        "kind": "Найпростіше укриття",
        "premises": "Цокольне приміщення ОЗ, Навчальний корпус",
        "operator": "Приватний навчальний заклад \"Європейський університет\"",
        "sourceName": "КМДА, мапа укриттів Києва",
        "source": "https://gis.kyivcity.gov.ua/shelter/",
        "coordinateSource": "https://gisserver-stage.kyivcity.gov.ua/mayno/rest/services/KYIV_API/Public_protection/MapServer/0",
        "sourceId": "78886",
        "retrievedAt": "2026-09-16",
        "verification": "official-registry-coordinate; entrance-unverified",
        "notes": "Об’єкт з офіційного реєстру; координати перенесені без змін. Польова перевірка не проводилася.",
        "coordinateAccuracy": "Точка об’єкта з офіційної карти",
        "entranceVerified": false,
        "access": "За даними КМДА: цілодобово.",
        "accessible": false,
        "capacity": null,
        "alsoListedIn": []
      },
      "geometry": {
        "type": "Point",
        "coordinates": [
          30.379139000000066,
          50.42013900000006
        ]
      }
    },
    {
      "type": "Feature",
      "properties": {
        "id": "kyiv-76829",
        "ref": "85",
        "name": "Укриття в житловому будинку",
        "settlement": "Київ, Святошинський р-н",
        "address": "просп. Академіка Корольова, 2-А",
        "kind": "Найпростіше укриття",
        "premises": "Підвал, Багатоквартирний будинок",
        "operator": "КП «ККОЖФ Святошинського району»",
        "sourceName": "КМДА, мапа укриттів Києва",
        "source": "https://gis.kyivcity.gov.ua/shelter/",
        "coordinateSource": "https://gisserver-stage.kyivcity.gov.ua/mayno/rest/services/KYIV_API/Public_protection/MapServer/0",
        "sourceId": "76829",
        "retrievedAt": "2026-09-16",
        "verification": "official-registry-coordinate; entrance-unverified",
        "notes": "Об’єкт з офіційного реєстру; координати перенесені без змін. Польова перевірка не проводилася.",
        "coordinateAccuracy": "Точка об’єкта з офіційної карти",
        "entranceVerified": false,
        "access": "За даними КМДА: цілодобово.",
        "accessible": false,
        "capacity": null,
        "alsoListedIn": []
      },
      "geometry": {
        "type": "Point",
        "coordinates": [
          30.396855880000032,
          50.41978372300008
        ]
      }
    },
    {
      "type": "Feature",
      "properties": {
        "id": "kyiv-76264",
        "ref": "86",
        "name": "Міжрегіональне вище професійне училище автомобільного транспорту та будівельної механізації",
        "settlement": "Київ, Святошинський р-н",
        "address": "вул. Івана Дзюби, 15-А",
        "kind": "Найпростіше укриття",
        "premises": "Підвал ОЗ, Навчальний корпус",
        "operator": "Міжрегіональне вище професійне училище автомобільного транспорту та будівельної механізації",
        "sourceName": "КМДА, мапа укриттів Києва",
        "source": "https://gis.kyivcity.gov.ua/shelter/",
        "coordinateSource": "https://gisserver-stage.kyivcity.gov.ua/mayno/rest/services/KYIV_API/Public_protection/MapServer/0",
        "sourceId": "76264",
        "retrievedAt": "2026-09-16",
        "verification": "official-registry-coordinate; entrance-unverified",
        "notes": "Об’єкт з офіційного реєстру; координати перенесені без змін. Польова перевірка не проводилася.",
        "coordinateAccuracy": "Точка об’єкта з офіційної карти",
        "entranceVerified": false,
        "access": "За даними КМДА: цілодобово.",
        "accessible": false,
        "capacity": null,
        "alsoListedIn": []
      },
      "geometry": {
        "type": "Point",
        "coordinates": [
          30.39260900000005,
          50.419710000000066
        ]
      }
    },
    {
      "type": "Feature",
      "properties": {
        "id": "kyiv-77913",
        "ref": "87",
        "name": "КНП \"Центр первинної медико-Санітарної допомоги №2 Свтошинського району м. Києва",
        "settlement": "Київ, Святошинський р-н",
        "address": "вул. Василя Кучера, 5",
        "kind": "Найпростіше укриття",
        "premises": "Підвал, Лікувальний корпус",
        "operator": "КНП \"Центр первинної медико-Санітарної допомоги №2 Свтошинського району м. Києва",
        "sourceName": "КМДА, мапа укриттів Києва",
        "source": "https://gis.kyivcity.gov.ua/shelter/",
        "coordinateSource": "https://gisserver-stage.kyivcity.gov.ua/mayno/rest/services/KYIV_API/Public_protection/MapServer/0",
        "sourceId": "77913",
        "retrievedAt": "2026-09-16",
        "verification": "official-registry-coordinate; entrance-unverified",
        "notes": "Об’єкт з офіційного реєстру; координати перенесені без змін. Польова перевірка не проводилася.",
        "coordinateAccuracy": "Точка об’єкта з офіційної карти",
        "entranceVerified": false,
        "access": "За даними КМДА: цілодобово.",
        "accessible": false,
        "capacity": null,
        "alsoListedIn": []
      },
      "geometry": {
        "type": "Point",
        "coordinates": [
          30.386600000000044,
          50.41953100000006
        ]
      }
    },
    {
      "type": "Feature",
      "properties": {
        "id": "kyiv-76117",
        "ref": "88",
        "name": "Укриття в житловому будинку",
        "settlement": "Київ, Святошинський р-н",
        "address": "просп. Академіка Корольова, 2-В",
        "kind": "Найпростіше укриття",
        "premises": "Підвал, Житловий будинок",
        "operator": "Верстат-13",
        "sourceName": "КМДА, мапа укриттів Києва",
        "source": "https://gis.kyivcity.gov.ua/shelter/",
        "coordinateSource": "https://gisserver-stage.kyivcity.gov.ua/mayno/rest/services/KYIV_API/Public_protection/MapServer/0",
        "sourceId": "76117",
        "retrievedAt": "2026-09-16",
        "verification": "official-registry-coordinate; entrance-unverified",
        "notes": "Об’єкт з офіційного реєстру; координати перенесені без змін. Польова перевірка не проводилася.",
        "coordinateAccuracy": "Точка об’єкта з офіційної карти",
        "entranceVerified": false,
        "access": "За даними КМДА: цілодобово.",
        "accessible": false,
        "capacity": null,
        "alsoListedIn": []
      },
      "geometry": {
        "type": "Point",
        "coordinates": [
          30.398442000000045,
          50.41942800000004
        ]
      }
    },
    {
      "type": "Feature",
      "properties": {
        "id": "kyiv-75293",
        "ref": "89",
        "name": "Укриття в житловому будинку",
        "settlement": "Київ, Святошинський р-н",
        "address": "б-р Миколи Руденка, 8 (секція №1)",
        "kind": "Найпростіше укриття",
        "premises": "Підвал, Багатоквартирний будинок",
        "operator": "ТОВ Ю Сервіс",
        "sourceName": "КМДА, мапа укриттів Києва",
        "source": "https://gis.kyivcity.gov.ua/shelter/",
        "coordinateSource": "https://gisserver-stage.kyivcity.gov.ua/mayno/rest/services/KYIV_API/Public_protection/MapServer/0",
        "sourceId": "75293",
        "retrievedAt": "2026-09-16",
        "verification": "official-registry-coordinate; entrance-unverified",
        "notes": "Об’єкт з офіційного реєстру; координати перенесені без змін. Польова перевірка не проводилася.",
        "coordinateAccuracy": "Точка об’єкта з офіційної карти",
        "entranceVerified": false,
        "access": "За даними КМДА: цілодобово.",
        "accessible": false,
        "capacity": null,
        "alsoListedIn": []
      },
      "geometry": {
        "type": "Point",
        "coordinates": [
          30.385012997000047,
          50.41914399900003
        ]
      }
    },
    {
      "type": "Feature",
      "properties": {
        "id": "kyiv-78549",
        "ref": "90",
        "name": "КП \"Київблагоустрій\"",
        "settlement": "Київ, Святошинський р-н",
        "address": "дор. Кільцева — вул. Литвиненко-Вольгемут",
        "kind": "Споруда подвійного призначення",
        "premises": "Підземний перехід з пандусом, Підземний перехід",
        "operator": "КП \"Київблагоустрій\"",
        "sourceName": "КМДА, мапа укриттів Києва",
        "source": "https://gis.kyivcity.gov.ua/shelter/",
        "coordinateSource": "https://gisserver-stage.kyivcity.gov.ua/mayno/rest/services/KYIV_API/Public_protection/MapServer/0",
        "sourceId": "78549",
        "retrievedAt": "2026-09-16",
        "verification": "official-registry-coordinate; entrance-unverified",
        "notes": "Об’єкт з офіційного реєстру; координати перенесені без змін. Польова перевірка не проводилася.",
        "coordinateAccuracy": "Точка об’єкта з офіційної карти",
        "entranceVerified": false,
        "access": "За даними КМДА: цілодобово.",
        "accessible": true,
        "capacity": null,
        "alsoListedIn": []
      },
      "geometry": {
        "type": "Point",
        "coordinates": [
          30.373413000000028,
          50.418877000000066
        ]
      }
    },
    {
      "type": "Feature",
      "properties": {
        "id": "kyiv-76350",
        "ref": "91",
        "name": "СЗШ № 297",
        "settlement": "Київ, Святошинський р-н",
        "address": "вул. Олександра Махова, 3-Г",
        "kind": "Найпростіше укриття",
        "premises": "Підвал ОЗ, Школа",
        "operator": "СЗШ № 297",
        "sourceName": "КМДА, мапа укриттів Києва",
        "source": "https://gis.kyivcity.gov.ua/shelter/",
        "coordinateSource": "https://gisserver-stage.kyivcity.gov.ua/mayno/rest/services/KYIV_API/Public_protection/MapServer/0",
        "sourceId": "76350",
        "retrievedAt": "2026-09-16",
        "verification": "official-registry-coordinate; entrance-unverified",
        "notes": "Об’єкт з офіційного реєстру; координати перенесені без змін. Польова перевірка не проводилася.",
        "coordinateAccuracy": "Точка об’єкта з офіційної карти",
        "entranceVerified": false,
        "access": "За даними КМДА: впродовж навчального дня доступ надається тільки учасникам освітнього процесу.",
        "accessible": false,
        "capacity": null,
        "alsoListedIn": []
      },
      "geometry": {
        "type": "Point",
        "coordinates": [
          30.397350000000074,
          50.41887200000008
        ]
      }
    },
    {
      "type": "Feature",
      "properties": {
        "id": "kyiv-78042",
        "ref": "92",
        "name": "ДНЗ № 203",
        "settlement": "Київ, Святошинський р-н",
        "address": "вул. Зодчих, 22-А",
        "kind": "Найпростіше укриття",
        "premises": "Підвал ОЗ, Дошкільний навчальний заклад",
        "operator": "ДНЗ № 203",
        "sourceName": "КМДА, мапа укриттів Києва",
        "source": "https://gis.kyivcity.gov.ua/shelter/",
        "coordinateSource": "https://gisserver-stage.kyivcity.gov.ua/mayno/rest/services/KYIV_API/Public_protection/MapServer/0",
        "sourceId": "78042",
        "retrievedAt": "2026-09-16",
        "verification": "official-registry-coordinate; entrance-unverified",
        "notes": "Об’єкт з офіційного реєстру; координати перенесені без змін. Польова перевірка не проводилася.",
        "coordinateAccuracy": "Точка об’єкта з офіційної карти",
        "entranceVerified": false,
        "access": "За даними КМДА: укриття доступне лише для учасників освітнього процесу.",
        "accessible": false,
        "capacity": null,
        "alsoListedIn": []
      },
      "geometry": {
        "type": "Point",
        "coordinates": [
          30.38018500000004,
          50.418363000000056
        ]
      }
    },
    {
      "type": "Feature",
      "properties": {
        "id": "kyiv-78924",
        "ref": "93",
        "name": "ЗДО № 219",
        "settlement": "Київ, Святошинський р-н",
        "address": "б-р Миколи Руденка, 7-А",
        "kind": "Найпростіше укриття",
        "premises": "Підвал ОЗ, Дошкільний навчальний заклад",
        "operator": "ЗДО № 219",
        "sourceName": "КМДА, мапа укриттів Києва",
        "source": "https://gis.kyivcity.gov.ua/shelter/",
        "coordinateSource": "https://gisserver-stage.kyivcity.gov.ua/mayno/rest/services/KYIV_API/Public_protection/MapServer/0",
        "sourceId": "78924",
        "retrievedAt": "2026-09-16",
        "verification": "official-registry-coordinate; entrance-unverified",
        "notes": "Об’єкт з офіційного реєстру; координати перенесені без змін. Польова перевірка не проводилася.",
        "coordinateAccuracy": "Точка об’єкта з офіційної карти",
        "entranceVerified": false,
        "access": "За даними КМДА: укриття доступне лише для учасників освітнього процесу.",
        "accessible": false,
        "capacity": null,
        "alsoListedIn": []
      },
      "geometry": {
        "type": "Point",
        "coordinates": [
          30.38291300000003,
          50.418187000000046
        ]
      }
    },
    {
      "type": "Feature",
      "properties": {
        "id": "kyiv-76809",
        "ref": "94",
        "name": "Укриття в житловому будинку",
        "settlement": "Київ, Святошинський р-н",
        "address": "вул. Симиренка, 1-В",
        "kind": "Найпростіше укриття",
        "premises": "Підвал, Житловий будинок",
        "operator": "КП \"ККОЖФ\" Святошинського району",
        "sourceName": "КМДА, мапа укриттів Києва",
        "source": "https://gis.kyivcity.gov.ua/shelter/",
        "coordinateSource": "https://gisserver-stage.kyivcity.gov.ua/mayno/rest/services/KYIV_API/Public_protection/MapServer/0",
        "sourceId": "76809",
        "retrievedAt": "2026-09-16",
        "verification": "official-registry-coordinate; entrance-unverified",
        "notes": "Об’єкт з офіційного реєстру; координати перенесені без змін. Польова перевірка не проводилася.",
        "coordinateAccuracy": "Точка об’єкта з офіційної карти",
        "entranceVerified": false,
        "access": "За даними КМДА: цілодобово.",
        "accessible": false,
        "capacity": null,
        "alsoListedIn": []
      },
      "geometry": {
        "type": "Point",
        "coordinates": [
          30.39562200000006,
          50.417981000000054
        ]
      }
    },
    {
      "type": "Feature",
      "properties": {
        "id": "kyiv-78010",
        "ref": "95",
        "name": "Ліцей № 281",
        "settlement": "Київ, Святошинський р-н",
        "address": "б-р Миколи Руденка, 7-Б",
        "kind": "Найпростіше укриття",
        "premises": "Підвал ОЗ, Заклад освіти",
        "operator": "Ліцей № 281",
        "sourceName": "КМДА, мапа укриттів Києва",
        "source": "https://gis.kyivcity.gov.ua/shelter/",
        "coordinateSource": "https://gisserver-stage.kyivcity.gov.ua/mayno/rest/services/KYIV_API/Public_protection/MapServer/0",
        "sourceId": "78010",
        "retrievedAt": "2026-09-16",
        "verification": "official-registry-coordinate; entrance-unverified",
        "notes": "Об’єкт з офіційного реєстру; координати перенесені без змін. Польова перевірка не проводилася.",
        "coordinateAccuracy": "Точка об’єкта з офіційної карти",
        "entranceVerified": false,
        "access": "За даними КМДА: під час здійснення освітнього процесу доступне тільки для учасників освітнього процесу.",
        "accessible": false,
        "capacity": null,
        "alsoListedIn": []
      },
      "geometry": {
        "type": "Point",
        "coordinates": [
          30.381938620000028,
          50.417663436000055
        ]
      }
    },
    {
      "type": "Feature",
      "properties": {
        "id": "kyiv-78478",
        "ref": "96",
        "name": "Укриття в житловому будинку",
        "settlement": "Київ, Святошинський р-н",
        "address": "вул. Симиренка, 1-Б",
        "kind": "Найпростіше укриття",
        "premises": "Підвал, Житловий будинок",
        "operator": "КП \"ККОЖФ\" Святошинського району",
        "sourceName": "КМДА, мапа укриттів Києва",
        "source": "https://gis.kyivcity.gov.ua/shelter/",
        "coordinateSource": "https://gisserver-stage.kyivcity.gov.ua/mayno/rest/services/KYIV_API/Public_protection/MapServer/0",
        "sourceId": "78478",
        "retrievedAt": "2026-09-16",
        "verification": "official-registry-coordinate; entrance-unverified",
        "notes": "Об’єкт з офіційного реєстру; координати перенесені без змін. Польова перевірка не проводилася.",
        "coordinateAccuracy": "Точка об’єкта з офіційної карти",
        "entranceVerified": false,
        "access": "За даними КМДА: цілодобово.",
        "accessible": false,
        "capacity": null,
        "alsoListedIn": []
      },
      "geometry": {
        "type": "Point",
        "coordinates": [
          30.396349000000043,
          50.41740200000004
        ]
      }
    },
    {
      "type": "Feature",
      "properties": {
        "id": "kyiv-77046",
        "ref": "97",
        "name": "СЗШ № 281",
        "settlement": "Київ, Святошинський р-н",
        "address": "б-р Миколи Руденка, 7-Б",
        "kind": "Найпростіше укриття",
        "premises": "Підвал ОЗ, Школа",
        "operator": "СЗШ № 281",
        "sourceName": "КМДА, мапа укриттів Києва",
        "source": "https://gis.kyivcity.gov.ua/shelter/",
        "coordinateSource": "https://gisserver-stage.kyivcity.gov.ua/mayno/rest/services/KYIV_API/Public_protection/MapServer/0",
        "sourceId": "77046",
        "retrievedAt": "2026-09-16",
        "verification": "official-registry-coordinate; entrance-unverified",
        "notes": "Об’єкт з офіційного реєстру; координати перенесені без змін. Польова перевірка не проводилася.",
        "coordinateAccuracy": "Точка об’єкта з офіційної карти",
        "entranceVerified": false,
        "access": "За даними КМДА: впродовж навчального дня доступ надається тільки учасникам освітнього процесу.",
        "accessible": false,
        "capacity": null,
        "alsoListedIn": []
      },
      "geometry": {
        "type": "Point",
        "coordinates": [
          30.381379000000038,
          50.417328000000055
        ]
      }
    },
    {
      "type": "Feature",
      "properties": {
        "id": "kyiv-76003",
        "ref": "98",
        "name": "Укриття в житловому будинку",
        "settlement": "Київ, Святошинський р-н",
        "address": "б-р Миколи Руденка, 5-В",
        "kind": "Найпростіше укриття",
        "premises": "Підвал, Багатоквартирний будинок",
        "operator": "ЖБК \"Волга\"",
        "sourceName": "КМДА, мапа укриттів Києва",
        "source": "https://gis.kyivcity.gov.ua/shelter/",
        "coordinateSource": "https://gisserver-stage.kyivcity.gov.ua/mayno/rest/services/KYIV_API/Public_protection/MapServer/0",
        "sourceId": "76003",
        "retrievedAt": "2026-09-16",
        "verification": "official-registry-coordinate; entrance-unverified",
        "notes": "Об’єкт з офіційного реєстру; координати перенесені без змін. Польова перевірка не проводилася.",
        "coordinateAccuracy": "Точка об’єкта з офіційної карти",
        "entranceVerified": false,
        "access": "За даними КМДА: цілодобово.",
        "accessible": false,
        "capacity": null,
        "alsoListedIn": []
      },
      "geometry": {
        "type": "Point",
        "coordinates": [
          30.383421507000037,
          50.417326555000045
        ]
      }
    },
    {
      "type": "Feature",
      "properties": {
        "id": "kyiv-75432",
        "ref": "99",
        "name": "СШ № 196",
        "settlement": "Київ, Святошинський р-н",
        "address": "вул. Зодчих, 22",
        "kind": "Найпростіше укриття",
        "premises": "Підвал ОЗ, Школа",
        "operator": "СШ № 196",
        "sourceName": "КМДА, мапа укриттів Києва",
        "source": "https://gis.kyivcity.gov.ua/shelter/",
        "coordinateSource": "https://gisserver-stage.kyivcity.gov.ua/mayno/rest/services/KYIV_API/Public_protection/MapServer/0",
        "sourceId": "75432",
        "retrievedAt": "2026-09-16",
        "verification": "official-registry-coordinate; entrance-unverified",
        "notes": "Об’єкт з офіційного реєстру; координати перенесені без змін. Польова перевірка не проводилася.",
        "coordinateAccuracy": "Точка об’єкта з офіційної карти",
        "entranceVerified": false,
        "access": "За даними КМДА: впродовж навчального дня доступ надається тільки учасникам освітнього процесу.",
        "accessible": false,
        "capacity": null,
        "alsoListedIn": []
      },
      "geometry": {
        "type": "Point",
        "coordinates": [
          30.378850000000057,
          50.417114000000026
        ]
      }
    },
    {
      "type": "Feature",
      "properties": {
        "id": "kyiv-75436",
        "ref": "100",
        "name": "СШ №196",
        "settlement": "Київ, Святошинський р-н",
        "address": "вул. Зодчих, 22 (приміщення №2)",
        "kind": "Найпростіше укриття",
        "premises": "Підвал, Заклад освіти",
        "operator": "СШ №196",
        "sourceName": "КМДА, мапа укриттів Києва",
        "source": "https://gis.kyivcity.gov.ua/shelter/",
        "coordinateSource": "https://gisserver-stage.kyivcity.gov.ua/mayno/rest/services/KYIV_API/Public_protection/MapServer/0",
        "sourceId": "75436",
        "retrievedAt": "2026-09-16",
        "verification": "official-registry-coordinate; entrance-unverified",
        "notes": "Об’єкт з офіційного реєстру; координати перенесені без змін. Польова перевірка не проводилася.",
        "coordinateAccuracy": "Точка об’єкта з офіційної карти",
        "entranceVerified": false,
        "access": "За даними КМДА: під час здійснення освітнього процесу доступне тільки для учасників освітнього процесу.",
        "accessible": false,
        "capacity": null,
        "alsoListedIn": []
      },
      "geometry": {
        "type": "Point",
        "coordinates": [
          30.378771088000065,
          50.41697845300007
        ]
      }
    },
    {
      "type": "Feature",
      "properties": {
        "id": "kyiv-78173",
        "ref": "101",
        "name": "ДНЗ № 469",
        "settlement": "Київ, Святошинський р-н",
        "address": "вул. Зодчих, 10-А",
        "kind": "Найпростіше укриття",
        "premises": "Підвал ОЗ, Дошкільний навчальний заклад",
        "operator": "ДНЗ № 469",
        "sourceName": "КМДА, мапа укриттів Києва",
        "source": "https://gis.kyivcity.gov.ua/shelter/",
        "coordinateSource": "https://gisserver-stage.kyivcity.gov.ua/mayno/rest/services/KYIV_API/Public_protection/MapServer/0",
        "sourceId": "78173",
        "retrievedAt": "2026-09-16",
        "verification": "official-registry-coordinate; entrance-unverified",
        "notes": "Об’єкт з офіційного реєстру; координати перенесені без змін. Польова перевірка не проводилася.",
        "coordinateAccuracy": "Точка об’єкта з офіційної карти",
        "entranceVerified": false,
        "access": "За даними КМДА: укриття доступне лише для учасників освітнього процесу.",
        "accessible": false,
        "capacity": null,
        "alsoListedIn": []
      },
      "geometry": {
        "type": "Point",
        "coordinates": [
          30.38306300000005,
          50.415715000000034
        ]
      }
    },
    {
      "type": "Feature",
      "properties": {
        "id": "kyiv-75623",
        "ref": "102",
        "name": "КП \" ККОЖФ Святошинського району\"",
        "settlement": "Київ, Святошинський р-н",
        "address": "вул. Зодчих, 6",
        "kind": "Найпростіше укриття",
        "premises": "Підвал, Заклад культури",
        "operator": "КП \" ККОЖФ Святошинського району\"",
        "sourceName": "КМДА, мапа укриттів Києва",
        "source": "https://gis.kyivcity.gov.ua/shelter/",
        "coordinateSource": "https://gisserver-stage.kyivcity.gov.ua/mayno/rest/services/KYIV_API/Public_protection/MapServer/0",
        "sourceId": "75623",
        "retrievedAt": "2026-09-16",
        "verification": "official-registry-coordinate; entrance-unverified",
        "notes": "Об’єкт з офіційного реєстру; координати перенесені без змін. Польова перевірка не проводилася.",
        "coordinateAccuracy": "Точка об’єкта з офіційної карти",
        "entranceVerified": false,
        "access": "За даними КМДА: цілодобово.",
        "accessible": false,
        "capacity": null,
        "alsoListedIn": []
      },
      "geometry": {
        "type": "Point",
        "coordinates": [
          30.38498138400007,
          50.41511968800006
        ]
      }
    },
    {
      "type": "Feature",
      "properties": {
        "id": "kyiv-76009",
        "ref": "103",
        "name": "ЗДО № 85",
        "settlement": "Київ, Святошинський р-н",
        "address": "просп. Академіка Корольова, 8-А",
        "kind": "Найпростіше укриття",
        "premises": "Підвал ОЗ, Дошкільний навчальний заклад",
        "operator": "ЗДО № 85",
        "sourceName": "КМДА, мапа укриттів Києва",
        "source": "https://gis.kyivcity.gov.ua/shelter/",
        "coordinateSource": "https://gisserver-stage.kyivcity.gov.ua/mayno/rest/services/KYIV_API/Public_protection/MapServer/0",
        "sourceId": "76009",
        "retrievedAt": "2026-09-16",
        "verification": "official-registry-coordinate; entrance-unverified",
        "notes": "Об’єкт з офіційного реєстру; координати перенесені без змін. Польова перевірка не проводилася.",
        "coordinateAccuracy": "Точка об’єкта з офіційної карти",
        "entranceVerified": false,
        "access": "За даними КМДА: впродовж навчального дня доступ надається тільки учасникам освітнього процесу.",
        "accessible": false,
        "capacity": null,
        "alsoListedIn": []
      },
      "geometry": {
        "type": "Point",
        "coordinates": [
          30.401695000000075,
          50.41503700000004
        ]
      }
    },
    {
      "type": "Feature",
      "properties": {
        "id": "kyiv-77766",
        "ref": "104",
        "name": "Центр військово-патріотичного та спортивного виховання молоді «Десантник»",
        "settlement": "Київ, Святошинський р-н",
        "address": "вул. Олександра Махова, 6-Д",
        "kind": "Найпростіше укриття",
        "premises": "Підвал ОЗ, Навчальний корпус",
        "operator": "Центр військово-патріотичного та спортивного виховання молоді «Десантник»",
        "sourceName": "КМДА, мапа укриттів Києва",
        "source": "https://gis.kyivcity.gov.ua/shelter/",
        "coordinateSource": "https://gisserver-stage.kyivcity.gov.ua/mayno/rest/services/KYIV_API/Public_protection/MapServer/0",
        "sourceId": "77766",
        "retrievedAt": "2026-09-16",
        "verification": "official-registry-coordinate; entrance-unverified",
        "notes": "Об’єкт з офіційного реєстру; координати перенесені без змін. Польова перевірка не проводилася.",
        "coordinateAccuracy": "Точка об’єкта з офіційної карти",
        "entranceVerified": false,
        "access": "За даними КМДА: цілодобово.",
        "accessible": false,
        "capacity": null,
        "alsoListedIn": []
      },
      "geometry": {
        "type": "Point",
        "coordinates": [
          30.398772000000065,
          50.414972000000034
        ]
      }
    },
    {
      "type": "Feature",
      "properties": {
        "id": "kyiv-75621",
        "ref": "105",
        "name": "Укриття в житловому будинку",
        "settlement": "Київ, Святошинський р-н",
        "address": "вул. Зодчих, 16",
        "kind": "Найпростіше укриття",
        "premises": "Підвал, Житловий будинок",
        "operator": "КП \"ККОЖФ\" Святошинського району",
        "sourceName": "КМДА, мапа укриттів Києва",
        "source": "https://gis.kyivcity.gov.ua/shelter/",
        "coordinateSource": "https://gisserver-stage.kyivcity.gov.ua/mayno/rest/services/KYIV_API/Public_protection/MapServer/0",
        "sourceId": "75621",
        "retrievedAt": "2026-09-16",
        "verification": "official-registry-coordinate; entrance-unverified",
        "notes": "Об’єкт з офіційного реєстру; координати перенесені без змін. Польова перевірка не проводилася.",
        "coordinateAccuracy": "Точка об’єкта з офіційної карти",
        "entranceVerified": false,
        "access": "За даними КМДА: цілодобово.",
        "accessible": false,
        "capacity": null,
        "alsoListedIn": []
      },
      "geometry": {
        "type": "Point",
        "coordinates": [
          30.381836000000078,
          50.414833000000044
        ]
      }
    },
    {
      "type": "Feature",
      "properties": {
        "id": "kyiv-77365",
        "ref": "106",
        "name": "ЗДО № 785",
        "settlement": "Київ, Святошинський р-н",
        "address": "вул. Симиренка, 2-А",
        "kind": "Найпростіше укриття",
        "premises": "Підвал ОЗ, Дошкільний навчальний заклад",
        "operator": "ЗДО № 785",
        "sourceName": "КМДА, мапа укриттів Києва",
        "source": "https://gis.kyivcity.gov.ua/shelter/",
        "coordinateSource": "https://gisserver-stage.kyivcity.gov.ua/mayno/rest/services/KYIV_API/Public_protection/MapServer/0",
        "sourceId": "77365",
        "retrievedAt": "2026-09-16",
        "verification": "official-registry-coordinate; entrance-unverified",
        "notes": "Об’єкт з офіційного реєстру; координати перенесені без змін. Польова перевірка не проводилася.",
        "coordinateAccuracy": "Точка об’єкта з офіційної карти",
        "entranceVerified": false,
        "access": "За даними КМДА: укриття доступне лише для учасників освітнього процесу.",
        "accessible": false,
        "capacity": null,
        "alsoListedIn": []
      },
      "geometry": {
        "type": "Point",
        "coordinates": [
          30.39096100000006,
          50.41480800000005
        ]
      }
    },
    {
      "type": "Feature",
      "properties": {
        "id": "kyiv-75146",
        "ref": "107",
        "name": "<Null>",
        "settlement": "Київ, Святошинський р-н",
        "address": "просп. Академіка Корольова, 10-А",
        "kind": "Захисна споруда",
        "premises": "Укриття, Нежитлова будівля",
        "operator": "<Null>",
        "sourceName": "КМДА, мапа укриттів Києва",
        "source": "https://gis.kyivcity.gov.ua/shelter/",
        "coordinateSource": "https://gisserver-stage.kyivcity.gov.ua/mayno/rest/services/KYIV_API/Public_protection/MapServer/0",
        "sourceId": "75146",
        "retrievedAt": "2026-09-16",
        "verification": "official-registry-coordinate; entrance-unverified",
        "notes": "Об’єкт з офіційного реєстру; координати перенесені без змін. Польова перевірка не проводилася.",
        "coordinateAccuracy": "Точка об’єкта з офіційної карти",
        "entranceVerified": false,
        "access": "За даними КМДА: цілодобово.",
        "accessible": null,
        "capacity": null,
        "alsoListedIn": []
      },
      "geometry": {
        "type": "Point",
        "coordinates": [
          30.40380200000004,
          50.41472300000004
        ]
      }
    },
    {
      "type": "Feature",
      "properties": {
        "id": "kyiv-77431",
        "ref": "108",
        "name": "ЗОШ №223",
        "settlement": "Київ, Святошинський р-н",
        "address": "вул. Олександра Махова, 6-Г",
        "kind": "Найпростіше укриття",
        "premises": "Підвал, Заклад освіти",
        "operator": "ЗОШ №223",
        "sourceName": "КМДА, мапа укриттів Києва",
        "source": "https://gis.kyivcity.gov.ua/shelter/",
        "coordinateSource": "https://gisserver-stage.kyivcity.gov.ua/mayno/rest/services/KYIV_API/Public_protection/MapServer/0",
        "sourceId": "77431",
        "retrievedAt": "2026-09-16",
        "verification": "official-registry-coordinate; entrance-unverified",
        "notes": "Об’єкт з офіційного реєстру; координати перенесені без змін. Польова перевірка не проводилася.",
        "coordinateAccuracy": "Точка об’єкта з офіційної карти",
        "entranceVerified": false,
        "access": "За даними КМДА: під час здійснення освітнього процесу доступне тільки для учасників освітнього процесу.",
        "accessible": false,
        "capacity": null,
        "alsoListedIn": []
      },
      "geometry": {
        "type": "Point",
        "coordinates": [
          30.39996054100004,
          50.414489769000056
        ]
      }
    },
    {
      "type": "Feature",
      "properties": {
        "id": "kyiv-77980",
        "ref": "109",
        "name": "Укриття в житловому будинку",
        "settlement": "Київ, Святошинський р-н",
        "address": "вул. Симиренка, 2-В",
        "kind": "Найпростіше укриття",
        "premises": "Підвал, Житловий будинок",
        "operator": "КП \"ККОЖФ\" Святошинського району",
        "sourceName": "КМДА, мапа укриттів Києва",
        "source": "https://gis.kyivcity.gov.ua/shelter/",
        "coordinateSource": "https://gisserver-stage.kyivcity.gov.ua/mayno/rest/services/KYIV_API/Public_protection/MapServer/0",
        "sourceId": "77980",
        "retrievedAt": "2026-09-16",
        "verification": "official-registry-coordinate; entrance-unverified",
        "notes": "Об’єкт з офіційного реєстру; координати перенесені без змін. Польова перевірка не проводилася.",
        "coordinateAccuracy": "Точка об’єкта з офіційної карти",
        "entranceVerified": false,
        "access": "За даними КМДА: цілодобово.",
        "accessible": false,
        "capacity": null,
        "alsoListedIn": []
      },
      "geometry": {
        "type": "Point",
        "coordinates": [
          30.39048900000006,
          50.41412600000007
        ]
      }
    },
    {
      "type": "Feature",
      "properties": {
        "id": "kyiv-76772",
        "ref": "110",
        "name": "КНП \"Центр первинної медико-Санітарної допомоги №3 Свтошинського району м. Києва",
        "settlement": "Київ, Святошинський р-н",
        "address": "вул. Симиренка, 10",
        "kind": "Найпростіше укриття",
        "premises": "Підвал, Лікувальний корпус",
        "operator": "КНП \"Центр первинної медико-Санітарної допомоги №3 Свтошинського району м. Києва",
        "sourceName": "КМДА, мапа укриттів Києва",
        "source": "https://gis.kyivcity.gov.ua/shelter/",
        "coordinateSource": "https://gisserver-stage.kyivcity.gov.ua/mayno/rest/services/KYIV_API/Public_protection/MapServer/0",
        "sourceId": "76772",
        "retrievedAt": "2026-09-16",
        "verification": "official-registry-coordinate; entrance-unverified",
        "notes": "Об’єкт з офіційного реєстру; координати перенесені без змін. Польова перевірка не проводилася.",
        "coordinateAccuracy": "Точка об’єкта з офіційної карти",
        "entranceVerified": false,
        "access": "За даними КМДА: цілодобово.",
        "accessible": false,
        "capacity": null,
        "alsoListedIn": []
      },
      "geometry": {
        "type": "Point",
        "coordinates": [
          30.39431600000006,
          50.41401600000006
        ]
      }
    },
    {
      "type": "Feature",
      "properties": {
        "id": "kyiv-77167",
        "ref": "111",
        "name": "КП \"Київблагоустрій\"",
        "settlement": "Київ, Святошинський р-н",
        "address": "дор. Кільцева — вул. Сім'ї Сосніних",
        "kind": "Споруда подвійного призначення",
        "premises": "Підземний перехід з пандусом, Підземний перехід",
        "operator": "КП \"Київблагоустрій\"",
        "sourceName": "КМДА, мапа укриттів Києва",
        "source": "https://gis.kyivcity.gov.ua/shelter/",
        "coordinateSource": "https://gisserver-stage.kyivcity.gov.ua/mayno/rest/services/KYIV_API/Public_protection/MapServer/0",
        "sourceId": "77167",
        "retrievedAt": "2026-09-16",
        "verification": "official-registry-coordinate; entrance-unverified",
        "notes": "Об’єкт з офіційного реєстру; координати перенесені без змін. Польова перевірка не проводилася.",
        "coordinateAccuracy": "Точка об’єкта з офіційної карти",
        "entranceVerified": false,
        "access": "За даними КМДА: цілодобово.",
        "accessible": true,
        "capacity": null,
        "alsoListedIn": []
      },
      "geometry": {
        "type": "Point",
        "coordinates": [
          30.381590000000074,
          50.41375700000003
        ]
      }
    },
    {
      "type": "Feature",
      "properties": {
        "id": "kyiv-77870",
        "ref": "112",
        "name": "СШ № 254",
        "settlement": "Київ, Святошинський р-н",
        "address": "вул. Академіка Корольова, 12-М",
        "kind": "Найпростіше укриття",
        "premises": "Підвал ОЗ, Школа",
        "operator": "СШ № 254",
        "sourceName": "КМДА, мапа укриттів Києва",
        "source": "https://gis.kyivcity.gov.ua/shelter/",
        "coordinateSource": "https://gisserver-stage.kyivcity.gov.ua/mayno/rest/services/KYIV_API/Public_protection/MapServer/0",
        "sourceId": "77870",
        "retrievedAt": "2026-09-16",
        "verification": "official-registry-coordinate; entrance-unverified",
        "notes": "Об’єкт з офіційного реєстру; координати перенесені без змін. Польова перевірка не проводилася.",
        "coordinateAccuracy": "Точка об’єкта з офіційної карти",
        "entranceVerified": false,
        "access": "За даними КМДА: впродовж навчального дня доступ надається тільки учасникам освітнього процесу.",
        "accessible": false,
        "capacity": null,
        "alsoListedIn": []
      },
      "geometry": {
        "type": "Point",
        "coordinates": [
          30.402296000000035,
          50.413515000000075
        ]
      }
    },
    {
      "type": "Feature",
      "properties": {
        "id": "kyiv-78130",
        "ref": "113",
        "name": "ДЮСШ №17",
        "settlement": "Київ, Святошинський р-н",
        "address": "вул. Симиренка, 5-Б",
        "kind": "Найпростіше укриття",
        "premises": "Підвал ОЗ, Школа",
        "operator": "ДЮСШ №17",
        "sourceName": "КМДА, мапа укриттів Києва",
        "source": "https://gis.kyivcity.gov.ua/shelter/",
        "coordinateSource": "https://gisserver-stage.kyivcity.gov.ua/mayno/rest/services/KYIV_API/Public_protection/MapServer/0",
        "sourceId": "78130",
        "retrievedAt": "2026-09-16",
        "verification": "official-registry-coordinate; entrance-unverified",
        "notes": "Об’єкт з офіційного реєстру; координати перенесені без змін. Польова перевірка не проводилася.",
        "coordinateAccuracy": "Точка об’єкта з офіційної карти",
        "entranceVerified": false,
        "access": "За даними КМДА: цілодобово.",
        "accessible": false,
        "capacity": null,
        "alsoListedIn": []
      },
      "geometry": {
        "type": "Point",
        "coordinates": [
          30.398044000000027,
          50.41328500000003
        ]
      }
    },
    {
      "type": "Feature",
      "properties": {
        "id": "kyiv-78873",
        "ref": "114",
        "name": "Укриття в житловому будинку",
        "settlement": "Київ, Святошинський р-н",
        "address": "вул. Симиренка, 12-Б",
        "kind": "Найпростіше укриття",
        "premises": "Підвал, Житловий будинок",
        "operator": "Авіатор-9",
        "sourceName": "КМДА, мапа укриттів Києва",
        "source": "https://gis.kyivcity.gov.ua/shelter/",
        "coordinateSource": "https://gisserver-stage.kyivcity.gov.ua/mayno/rest/services/KYIV_API/Public_protection/MapServer/0",
        "sourceId": "78873",
        "retrievedAt": "2026-09-16",
        "verification": "official-registry-coordinate; entrance-unverified",
        "notes": "Об’єкт з офіційного реєстру; координати перенесені без змін. Польова перевірка не проводилася.",
        "coordinateAccuracy": "Точка об’єкта з офіційної карти",
        "entranceVerified": false,
        "access": "За даними КМДА: цілодобово.",
        "accessible": false,
        "capacity": null,
        "alsoListedIn": []
      },
      "geometry": {
        "type": "Point",
        "coordinates": [
          30.39129500000007,
          50.41307500000005
        ]
      }
    },
    {
      "type": "Feature",
      "properties": {
        "id": "kyiv-75702",
        "ref": "115",
        "name": "ЗДО № 681",
        "settlement": "Київ, Святошинський р-н",
        "address": "просп. Академіка Корольова, 12-К",
        "kind": "Найпростіше укриття",
        "premises": "Підвал ОЗ, Дошкільний навчальний заклад",
        "operator": "ЗДО № 681",
        "sourceName": "КМДА, мапа укриттів Києва",
        "source": "https://gis.kyivcity.gov.ua/shelter/",
        "coordinateSource": "https://gisserver-stage.kyivcity.gov.ua/mayno/rest/services/KYIV_API/Public_protection/MapServer/0",
        "sourceId": "75702",
        "retrievedAt": "2026-09-16",
        "verification": "official-registry-coordinate; entrance-unverified",
        "notes": "Об’єкт з офіційного реєстру; координати перенесені без змін. Польова перевірка не проводилася.",
        "coordinateAccuracy": "Точка об’єкта з офіційної карти",
        "entranceVerified": false,
        "access": "За даними КМДА: укриття доступне лише для учасників освітнього процесу.",
        "accessible": false,
        "capacity": null,
        "alsoListedIn": []
      },
      "geometry": {
        "type": "Point",
        "coordinates": [
          30.40147500000006,
          50.41306100000003
        ]
      }
    },
    {
      "type": "Feature",
      "properties": {
        "id": "kyiv-78698",
        "ref": "116",
        "name": "СЗШ № 235",
        "settlement": "Київ, Святошинський р-н",
        "address": "дор. Велика Кільцева, 1-Б",
        "kind": "Найпростіше укриття",
        "premises": "Підвал ОЗ, Школа",
        "operator": "СЗШ № 235",
        "sourceName": "КМДА, мапа укриттів Києва",
        "source": "https://gis.kyivcity.gov.ua/shelter/",
        "coordinateSource": "https://gisserver-stage.kyivcity.gov.ua/mayno/rest/services/KYIV_API/Public_protection/MapServer/0",
        "sourceId": "78698",
        "retrievedAt": "2026-09-16",
        "verification": "official-registry-coordinate; entrance-unverified",
        "notes": "Об’єкт з офіційного реєстру; координати перенесені без змін. Польова перевірка не проводилася.",
        "coordinateAccuracy": "Точка об’єкта з офіційної карти",
        "entranceVerified": false,
        "access": "За даними КМДА: впродовж навчального дня доступ надається тільки учасникам освітнього процесу.",
        "accessible": false,
        "capacity": null,
        "alsoListedIn": []
      },
      "geometry": {
        "type": "Point",
        "coordinates": [
          30.389759000000026,
          50.412311000000045
        ]
      }
    },
    {
      "type": "Feature",
      "properties": {
        "id": "kyiv-77333",
        "ref": "117",
        "name": "ЗДО № 693",
        "settlement": "Київ, Святошинський р-н",
        "address": "вул. Григоровича-Барського, 5-А",
        "kind": "Найпростіше укриття",
        "premises": "Підвал ОЗ, Дошкільний навчальний заклад",
        "operator": "ЗДО № 693",
        "sourceName": "КМДА, мапа укриттів Києва",
        "source": "https://gis.kyivcity.gov.ua/shelter/",
        "coordinateSource": "https://gisserver-stage.kyivcity.gov.ua/mayno/rest/services/KYIV_API/Public_protection/MapServer/0",
        "sourceId": "77333",
        "retrievedAt": "2026-09-16",
        "verification": "official-registry-coordinate; entrance-unverified",
        "notes": "Об’єкт з офіційного реєстру; координати перенесені без змін. Польова перевірка не проводилася.",
        "coordinateAccuracy": "Точка об’єкта з офіційної карти",
        "entranceVerified": false,
        "access": "За даними КМДА: укриття доступне лише для учасників освітнього процесу.",
        "accessible": false,
        "capacity": null,
        "alsoListedIn": []
      },
      "geometry": {
        "type": "Point",
        "coordinates": [
          30.392709000000025,
          50.41196000000008
        ]
      }
    },
    {
      "type": "Feature",
      "properties": {
        "id": "kyiv-76298",
        "ref": "118",
        "name": "ДЮСШ 17",
        "settlement": "Київ, Святошинський р-н",
        "address": "вул. Симиренка, 5-А",
        "kind": "Найпростіше укриття",
        "premises": "Підвал, Спортивний заклад",
        "operator": "ДЮСШ 17",
        "sourceName": "КМДА, мапа укриттів Києва",
        "source": "https://gis.kyivcity.gov.ua/shelter/",
        "coordinateSource": "https://gisserver-stage.kyivcity.gov.ua/mayno/rest/services/KYIV_API/Public_protection/MapServer/0",
        "sourceId": "76298",
        "retrievedAt": "2026-09-16",
        "verification": "official-registry-coordinate; entrance-unverified",
        "notes": "Об’єкт з офіційного реєстру; координати перенесені без змін. Польова перевірка не проводилася.",
        "coordinateAccuracy": "Точка об’єкта з офіційної карти",
        "entranceVerified": false,
        "access": "За даними КМДА: цілодобово.",
        "accessible": false,
        "capacity": null,
        "alsoListedIn": []
      },
      "geometry": {
        "type": "Point",
        "coordinates": [
          30.400798450000025,
          50.41193101200008
        ]
      }
    },
    {
      "type": "Feature",
      "properties": {
        "id": "kyiv-75424",
        "ref": "119",
        "name": "ДЮСК «Бригантина»",
        "settlement": "Київ, Святошинський р-н",
        "address": "дор. Велика Кільцева, 3-А",
        "kind": "Найпростіше укриття",
        "premises": "Підвал ОЗ, Навчальний корпус",
        "operator": "ДЮСК «Бригантина»",
        "sourceName": "КМДА, мапа укриттів Києва",
        "source": "https://gis.kyivcity.gov.ua/shelter/",
        "coordinateSource": "https://gisserver-stage.kyivcity.gov.ua/mayno/rest/services/KYIV_API/Public_protection/MapServer/0",
        "sourceId": "75424",
        "retrievedAt": "2026-09-16",
        "verification": "official-registry-coordinate; entrance-unverified",
        "notes": "Об’єкт з офіційного реєстру; координати перенесені без змін. Польова перевірка не проводилася.",
        "coordinateAccuracy": "Точка об’єкта з офіційної карти",
        "entranceVerified": false,
        "access": "За даними КМДА: цілодобово.",
        "accessible": false,
        "capacity": null,
        "alsoListedIn": []
      },
      "geometry": {
        "type": "Point",
        "coordinates": [
          30.389644000000033,
          50.41135100000008
        ]
      }
    },
    {
      "type": "Feature",
      "properties": {
        "id": "kyiv-75594",
        "ref": "120",
        "name": "Укриття в житловому будинку",
        "settlement": "Київ, Святошинський р-н",
        "address": "вул. Вахтанга Кікабідзе, 16",
        "kind": "Найпростіше укриття",
        "premises": "Підвал, Житловий будинок",
        "operator": "КП \"ККОЖФ\" Святошинського району",
        "sourceName": "КМДА, мапа укриттів Києва",
        "source": "https://gis.kyivcity.gov.ua/shelter/",
        "coordinateSource": "https://gisserver-stage.kyivcity.gov.ua/mayno/rest/services/KYIV_API/Public_protection/MapServer/0",
        "sourceId": "75594",
        "retrievedAt": "2026-09-16",
        "verification": "official-registry-coordinate; entrance-unverified",
        "notes": "Об’єкт з офіційного реєстру; координати перенесені без змін. Польова перевірка не проводилася.",
        "coordinateAccuracy": "Точка об’єкта з офіційної карти",
        "entranceVerified": false,
        "access": "За даними КМДА: цілодобово.",
        "accessible": false,
        "capacity": null,
        "alsoListedIn": []
      },
      "geometry": {
        "type": "Point",
        "coordinates": [
          30.409417000000076,
          50.41127000000006
        ]
      }
    },
    {
      "type": "Feature",
      "properties": {
        "id": "kyiv-77815",
        "ref": "121",
        "name": "Укриття в житловому будинку",
        "settlement": "Київ, Святошинський р-н",
        "address": "просп. Академіка Корольова, 24-А",
        "kind": "Найпростіше укриття",
        "premises": "Підвал, Багатоквартирний будинок",
        "operator": "КП \"ККОЖФ Святошинського району\"",
        "sourceName": "КМДА, мапа укриттів Києва",
        "source": "https://gis.kyivcity.gov.ua/shelter/",
        "coordinateSource": "https://gisserver-stage.kyivcity.gov.ua/mayno/rest/services/KYIV_API/Public_protection/MapServer/0",
        "sourceId": "77815",
        "retrievedAt": "2026-09-16",
        "verification": "official-registry-coordinate; entrance-unverified",
        "notes": "Об’єкт з офіційного реєстру; координати перенесені без змін. Польова перевірка не проводилася.",
        "coordinateAccuracy": "Точка об’єкта з офіційної карти",
        "entranceVerified": false,
        "access": "За даними КМДА: цілодобово.",
        "accessible": false,
        "capacity": null,
        "alsoListedIn": []
      },
      "geometry": {
        "type": "Point",
        "coordinates": [
          30.410366476000036,
          50.41075677600003
        ]
      }
    },
    {
      "type": "Feature",
      "properties": {
        "id": "kyiv-78304",
        "ref": "122",
        "name": "Укриття в житловому будинку",
        "settlement": "Київ, Святошинський р-н",
        "address": "вул. Симиренка, 11",
        "kind": "Найпростіше укриття",
        "premises": "Підвал, Житловий будинок",
        "operator": "ОСББ \"Алмаз-6\"",
        "sourceName": "КМДА, мапа укриттів Києва",
        "source": "https://gis.kyivcity.gov.ua/shelter/",
        "coordinateSource": "https://gisserver-stage.kyivcity.gov.ua/mayno/rest/services/KYIV_API/Public_protection/MapServer/0",
        "sourceId": "78304",
        "retrievedAt": "2026-09-16",
        "verification": "official-registry-coordinate; entrance-unverified",
        "notes": "Об’єкт з офіційного реєстру; координати перенесені без змін. Польова перевірка не проводилася.",
        "coordinateAccuracy": "Точка об’єкта з офіційної карти",
        "entranceVerified": false,
        "access": "За даними КМДА: цілодобово.",
        "accessible": false,
        "capacity": null,
        "alsoListedIn": []
      },
      "geometry": {
        "type": "Point",
        "coordinates": [
          30.400049480000064,
          50.41058067000006
        ]
      }
    },
    {
      "type": "Feature",
      "properties": {
        "id": "kyiv-77928",
        "ref": "123",
        "name": "ОК ЖБК Булгаков",
        "settlement": "Київ, Святошинський р-н",
        "address": "вул. Вахтанга Кікабідзе, 12-А",
        "kind": "Найпростіше укриття",
        "premises": "Підземний паркінг з пандусом, Паркінг",
        "operator": "ОК ЖБК Булгаков",
        "sourceName": "КМДА, мапа укриттів Києва",
        "source": "https://gis.kyivcity.gov.ua/shelter/",
        "coordinateSource": "https://gisserver-stage.kyivcity.gov.ua/mayno/rest/services/KYIV_API/Public_protection/MapServer/0",
        "sourceId": "77928",
        "retrievedAt": "2026-09-16",
        "verification": "official-registry-coordinate; entrance-unverified",
        "notes": "Об’єкт з офіційного реєстру; координати перенесені без змін. Польова перевірка не проводилася.",
        "coordinateAccuracy": "Точка об’єкта з офіційної карти",
        "entranceVerified": false,
        "access": "За даними КМДА: цілодобово.",
        "accessible": false,
        "capacity": null,
        "alsoListedIn": []
      },
      "geometry": {
        "type": "Point",
        "coordinates": [
          30.407907968000075,
          50.41032299700004
        ]
      }
    },
    {
      "type": "Feature",
      "properties": {
        "id": "kyiv-77233",
        "ref": "124",
        "name": "ЗДО № 819",
        "settlement": "Київ, Святошинський р-н",
        "address": "вул. Симиренка, 29-А",
        "kind": "Найпростіше укриття",
        "premises": "Підвал ОЗ, Дошкільний навчальний заклад",
        "operator": "ЗДО № 819",
        "sourceName": "КМДА, мапа укриттів Києва",
        "source": "https://gis.kyivcity.gov.ua/shelter/",
        "coordinateSource": "https://gisserver-stage.kyivcity.gov.ua/mayno/rest/services/KYIV_API/Public_protection/MapServer/0",
        "sourceId": "77233",
        "retrievedAt": "2026-09-16",
        "verification": "official-registry-coordinate; entrance-unverified",
        "notes": "Об’єкт з офіційного реєстру; координати перенесені без змін. Польова перевірка не проводилася.",
        "coordinateAccuracy": "Точка об’єкта з офіційної карти",
        "entranceVerified": false,
        "access": "За даними КМДА: укриття доступне лише для учасників освітнього процесу.",
        "accessible": false,
        "capacity": null,
        "alsoListedIn": []
      },
      "geometry": {
        "type": "Point",
        "coordinates": [
          30.410837000000072,
          50.409996000000035
        ]
      }
    },
    {
      "type": "Feature",
      "properties": {
        "id": "kyiv-78066",
        "ref": "125",
        "name": "Укриття в житловому будинку",
        "settlement": "Київ, Святошинський р-н",
        "address": "вул. Вахтанга Кікабідзе, 6",
        "kind": "Найпростіше укриття",
        "premises": "Підвал, Житловий будинок",
        "operator": "ЖБК \"Алмаз-7\"",
        "sourceName": "КМДА, мапа укриттів Києва",
        "source": "https://gis.kyivcity.gov.ua/shelter/",
        "coordinateSource": "https://gisserver-stage.kyivcity.gov.ua/mayno/rest/services/KYIV_API/Public_protection/MapServer/0",
        "sourceId": "78066",
        "retrievedAt": "2026-09-16",
        "verification": "official-registry-coordinate; entrance-unverified",
        "notes": "Об’єкт з офіційного реєстру; координати перенесені без змін. Польова перевірка не проводилася.",
        "coordinateAccuracy": "Точка об’єкта з офіційної карти",
        "entranceVerified": false,
        "access": "За даними КМДА: цілодобово.",
        "accessible": false,
        "capacity": null,
        "alsoListedIn": []
      },
      "geometry": {
        "type": "Point",
        "coordinates": [
          30.403968000000077,
          50.40996500000006
        ]
      }
    },
    {
      "type": "Feature",
      "properties": {
        "id": "kyiv-75407",
        "ref": "126",
        "name": "СШ № 317",
        "settlement": "Київ, Святошинський р-н",
        "address": "вул. Вахтанга Кікабідзе, 12",
        "kind": "Найпростіше укриття",
        "premises": "Підвал ОЗ, Школа",
        "operator": "СШ № 317",
        "sourceName": "КМДА, мапа укриттів Києва",
        "source": "https://gis.kyivcity.gov.ua/shelter/",
        "coordinateSource": "https://gisserver-stage.kyivcity.gov.ua/mayno/rest/services/KYIV_API/Public_protection/MapServer/0",
        "sourceId": "75407",
        "retrievedAt": "2026-09-16",
        "verification": "official-registry-coordinate; entrance-unverified",
        "notes": "Об’єкт з офіційного реєстру; координати перенесені без змін. Польова перевірка не проводилася.",
        "coordinateAccuracy": "Точка об’єкта з офіційної карти",
        "entranceVerified": false,
        "access": "За даними КМДА: впродовж навчального дня доступ надається тільки учасникам освітнього процесу.",
        "accessible": false,
        "capacity": null,
        "alsoListedIn": []
      },
      "geometry": {
        "type": "Point",
        "coordinates": [
          30.408079000000043,
          50.409842000000026
        ]
      }
    },
    {
      "type": "Feature",
      "properties": {
        "id": "kyiv-78717",
        "ref": "127",
        "name": "ЗДО № 814",
        "settlement": "Київ, Святошинський р-н",
        "address": "вул. Вахтанга Кікабідзе, 10",
        "kind": "Найпростіше укриття",
        "premises": "Підвал ОЗ, Дошкільний навчальний заклад",
        "operator": "ЗДО № 814",
        "sourceName": "КМДА, мапа укриттів Києва",
        "source": "https://gis.kyivcity.gov.ua/shelter/",
        "coordinateSource": "https://gisserver-stage.kyivcity.gov.ua/mayno/rest/services/KYIV_API/Public_protection/MapServer/0",
        "sourceId": "78717",
        "retrievedAt": "2026-09-16",
        "verification": "official-registry-coordinate; entrance-unverified",
        "notes": "Об’єкт з офіційного реєстру; координати перенесені без змін. Польова перевірка не проводилася.",
        "coordinateAccuracy": "Точка об’єкта з офіційної карти",
        "entranceVerified": false,
        "access": "За даними КМДА: укриття доступне лише для учасників освітнього процесу.",
        "accessible": false,
        "capacity": null,
        "alsoListedIn": []
      },
      "geometry": {
        "type": "Point",
        "coordinates": [
          30.406382000000065,
          50.40981400000004
        ]
      }
    },
    {
      "type": "Feature",
      "properties": {
        "id": "kyiv-77785",
        "ref": "128",
        "name": "Укриття в житловому будинку",
        "settlement": "Київ, Святошинський р-н",
        "address": "вул. Симиренка, 25-А",
        "kind": "Найпростіше укриття",
        "premises": "Підвал, Житловий будинок",
        "operator": "КП \"ККОЖФ\" Святошинського району",
        "sourceName": "КМДА, мапа укриттів Києва",
        "source": "https://gis.kyivcity.gov.ua/shelter/",
        "coordinateSource": "https://gisserver-stage.kyivcity.gov.ua/mayno/rest/services/KYIV_API/Public_protection/MapServer/0",
        "sourceId": "77785",
        "retrievedAt": "2026-09-16",
        "verification": "official-registry-coordinate; entrance-unverified",
        "notes": "Об’єкт з офіційного реєстру; координати перенесені без змін. Польова перевірка не проводилася.",
        "coordinateAccuracy": "Точка об’єкта з офіційної карти",
        "entranceVerified": false,
        "access": "За даними КМДА: цілодобово.",
        "accessible": false,
        "capacity": null,
        "alsoListedIn": []
      },
      "geometry": {
        "type": "Point",
        "coordinates": [
          30.409350000000074,
          50.40948000000003
        ]
      }
    },
    {
      "type": "Feature",
      "properties": {
        "id": "kyiv-77594",
        "ref": "129",
        "name": "Укриття в житловому будинку",
        "settlement": "Київ, Святошинський р-н",
        "address": "вул. Симиренка, 18",
        "kind": "Найпростіше укриття",
        "premises": "Підвал, Житловий будинок",
        "operator": "КП \"ККОЖФ\" Святошинського району",
        "sourceName": "КМДА, мапа укриттів Києва",
        "source": "https://gis.kyivcity.gov.ua/shelter/",
        "coordinateSource": "https://gisserver-stage.kyivcity.gov.ua/mayno/rest/services/KYIV_API/Public_protection/MapServer/0",
        "sourceId": "77594",
        "retrievedAt": "2026-09-16",
        "verification": "official-registry-coordinate; entrance-unverified",
        "notes": "Об’єкт з офіційного реєстру; координати перенесені без змін. Польова перевірка не проводилася.",
        "coordinateAccuracy": "Точка об’єкта з офіційної карти",
        "entranceVerified": false,
        "access": "За даними КМДА: цілодобово.",
        "accessible": false,
        "capacity": null,
        "alsoListedIn": []
      },
      "geometry": {
        "type": "Point",
        "coordinates": [
          30.39810700000004,
          50.40919000000008
        ]
      }
    },
    {
      "type": "Feature",
      "properties": {
        "id": "kyiv-78554",
        "ref": "130",
        "name": "Укриття в житловому будинку",
        "settlement": "Київ, Святошинський р-н",
        "address": "вул. Симиренка, 19",
        "kind": "Найпростіше укриття",
        "premises": "Підвал, Житловий будинок",
        "operator": "ЖБК \"Обчислювач-10\"",
        "sourceName": "КМДА, мапа укриттів Києва",
        "source": "https://gis.kyivcity.gov.ua/shelter/",
        "coordinateSource": "https://gisserver-stage.kyivcity.gov.ua/mayno/rest/services/KYIV_API/Public_protection/MapServer/0",
        "sourceId": "78554",
        "retrievedAt": "2026-09-16",
        "verification": "official-registry-coordinate; entrance-unverified",
        "notes": "Об’єкт з офіційного реєстру; координати перенесені без змін. Польова перевірка не проводилася.",
        "coordinateAccuracy": "Точка об’єкта з офіційної карти",
        "entranceVerified": false,
        "access": "За даними КМДА: цілодобово.",
        "accessible": false,
        "capacity": null,
        "alsoListedIn": []
      },
      "geometry": {
        "type": "Point",
        "coordinates": [
          30.404900000000055,
          50.40882000000005
        ]
      }
    },
    {
      "type": "Feature",
      "properties": {
        "id": "kyiv-78046",
        "ref": "131",
        "name": "КП \"Керуюча компанія з обслуговування житлового фонду Святошинського району м.Києва\"",
        "settlement": "Київ, Святошинський р-н",
        "address": "вул. Симиренка, 17",
        "kind": "Захисна споруда",
        "premises": "Підвал, Адміністративна будівля",
        "operator": "КП \"Керуюча компанія з обслуговування житлового фонду Святошинського району м.Києва\"",
        "sourceName": "КМДА, мапа укриттів Києва",
        "source": "https://gis.kyivcity.gov.ua/shelter/",
        "coordinateSource": "https://gisserver-stage.kyivcity.gov.ua/mayno/rest/services/KYIV_API/Public_protection/MapServer/0",
        "sourceId": "78046",
        "retrievedAt": "2026-09-16",
        "verification": "official-registry-coordinate; entrance-unverified",
        "notes": "Об’єкт з офіційного реєстру; координати перенесені без змін. Польова перевірка не проводилася.",
        "coordinateAccuracy": "Точка об’єкта з офіційної карти",
        "entranceVerified": false,
        "access": "За даними КМДА: цілодобово.",
        "accessible": false,
        "capacity": null,
        "alsoListedIn": []
      },
      "geometry": {
        "type": "Point",
        "coordinates": [
          30.403264000000036,
          50.40879700000005
        ]
      }
    },
    {
      "type": "Feature",
      "properties": {
        "id": "kyiv-77288",
        "ref": "132",
        "name": "Укриття в житловому будинку",
        "settlement": "Київ, Святошинський р-н",
        "address": "вул. Симиренка, 18-А",
        "kind": "Найпростіше укриття",
        "premises": "Підвал, Житловий будинок",
        "operator": "КП \"ККОЖФ\" Святошинського району",
        "sourceName": "КМДА, мапа укриттів Києва",
        "source": "https://gis.kyivcity.gov.ua/shelter/",
        "coordinateSource": "https://gisserver-stage.kyivcity.gov.ua/mayno/rest/services/KYIV_API/Public_protection/MapServer/0",
        "sourceId": "77288",
        "retrievedAt": "2026-09-16",
        "verification": "official-registry-coordinate; entrance-unverified",
        "notes": "Об’єкт з офіційного реєстру; координати перенесені без змін. Польова перевірка не проводилася.",
        "coordinateAccuracy": "Точка об’єкта з офіційної карти",
        "entranceVerified": false,
        "access": "За даними КМДА: цілодобово.",
        "accessible": false,
        "capacity": null,
        "alsoListedIn": []
      },
      "geometry": {
        "type": "Point",
        "coordinates": [
          30.398022000000026,
          50.408787000000075
        ]
      }
    },
    {
      "type": "Feature",
      "properties": {
        "id": "kyiv-77615",
        "ref": "133",
        "name": "Укриття в житловому будинку",
        "settlement": "Київ, Святошинський р-н",
        "address": "вул. Симиренка, 20-А",
        "kind": "Найпростіше укриття",
        "premises": "Підвал, Житловий будинок",
        "operator": "КП \"ККОЖФ\" Святошинського району",
        "sourceName": "КМДА, мапа укриттів Києва",
        "source": "https://gis.kyivcity.gov.ua/shelter/",
        "coordinateSource": "https://gisserver-stage.kyivcity.gov.ua/mayno/rest/services/KYIV_API/Public_protection/MapServer/0",
        "sourceId": "77615",
        "retrievedAt": "2026-09-16",
        "verification": "official-registry-coordinate; entrance-unverified",
        "notes": "Об’єкт з офіційного реєстру; координати перенесені без змін. Польова перевірка не проводилася.",
        "coordinateAccuracy": "Точка об’єкта з офіційної карти",
        "entranceVerified": false,
        "access": "За даними КМДА: цілодобово.",
        "accessible": false,
        "capacity": null,
        "alsoListedIn": []
      },
      "geometry": {
        "type": "Point",
        "coordinates": [
          30.398780000000045,
          50.40859700000004
        ]
      }
    },
    {
      "type": "Feature",
      "properties": {
        "id": "kyiv-79073",
        "ref": "134",
        "name": "Укриття в житловому будинку",
        "settlement": "Київ, Святошинський р-н",
        "address": "вул. Симиренка, 22",
        "kind": "Найпростіше укриття",
        "premises": "Підвал, Житловий будинок",
        "operator": "КП \"ККОЖФ\" Святошинського району",
        "sourceName": "КМДА, мапа укриттів Києва",
        "source": "https://gis.kyivcity.gov.ua/shelter/",
        "coordinateSource": "https://gisserver-stage.kyivcity.gov.ua/mayno/rest/services/KYIV_API/Public_protection/MapServer/0",
        "sourceId": "79073",
        "retrievedAt": "2026-09-16",
        "verification": "official-registry-coordinate; entrance-unverified",
        "notes": "Об’єкт з офіційного реєстру; координати перенесені без змін. Польова перевірка не проводилася.",
        "coordinateAccuracy": "Точка об’єкта з офіційної карти",
        "entranceVerified": false,
        "access": "За даними КМДА: цілодобово.",
        "accessible": false,
        "capacity": null,
        "alsoListedIn": []
      },
      "geometry": {
        "type": "Point",
        "coordinates": [
          30.399538000000064,
          50.40839900000003
        ]
      }
    },
    {
      "type": "Feature",
      "properties": {
        "id": "kyiv-76881",
        "ref": "135",
        "name": "Укриття в житловому будинку",
        "settlement": "Київ, Святошинський р-н",
        "address": "вул. Симиренка, 21",
        "kind": "Найпростіше укриття",
        "premises": "Підвал, Житловий будинок",
        "operator": "ЖБК \"Індикатор-6\"",
        "sourceName": "КМДА, мапа укриттів Києва",
        "source": "https://gis.kyivcity.gov.ua/shelter/",
        "coordinateSource": "https://gisserver-stage.kyivcity.gov.ua/mayno/rest/services/KYIV_API/Public_protection/MapServer/0",
        "sourceId": "76881",
        "retrievedAt": "2026-09-16",
        "verification": "official-registry-coordinate; entrance-unverified",
        "notes": "Об’єкт з офіційного реєстру; координати перенесені без змін. Польова перевірка не проводилася.",
        "coordinateAccuracy": "Точка об’єкта з офіційної карти",
        "entranceVerified": false,
        "access": "За даними КМДА: цілодобово.",
        "accessible": false,
        "capacity": null,
        "alsoListedIn": []
      },
      "geometry": {
        "type": "Point",
        "coordinates": [
          30.40549500000003,
          50.408345000000054
        ]
      }
    },
    {
      "type": "Feature",
      "properties": {
        "id": "kyiv-76994",
        "ref": "136",
        "name": "Укриття в житловому будинку",
        "settlement": "Київ, Святошинський р-н",
        "address": "вул. Симиренка, 25",
        "kind": "Найпростіше укриття",
        "premises": "Підвал, Житловий будинок",
        "operator": "КП \"ККОЖФ\" Святошинського району",
        "sourceName": "КМДА, мапа укриттів Києва",
        "source": "https://gis.kyivcity.gov.ua/shelter/",
        "coordinateSource": "https://gisserver-stage.kyivcity.gov.ua/mayno/rest/services/KYIV_API/Public_protection/MapServer/0",
        "sourceId": "76994",
        "retrievedAt": "2026-09-16",
        "verification": "official-registry-coordinate; entrance-unverified",
        "notes": "Об’єкт з офіційного реєстру; координати перенесені без змін. Польова перевірка не проводилася.",
        "coordinateAccuracy": "Точка об’єкта з офіційної карти",
        "entranceVerified": false,
        "access": "За даними КМДА: цілодобово.",
        "accessible": false,
        "capacity": null,
        "alsoListedIn": []
      },
      "geometry": {
        "type": "Point",
        "coordinates": [
          30.408529000000044,
          50.40833500000008
        ]
      }
    },
    {
      "type": "Feature",
      "properties": {
        "id": "kyiv-75294",
        "ref": "137",
        "name": "Укриття в житловому будинку",
        "settlement": "Київ, Святошинський р-н",
        "address": "вул. Симиренка, 24",
        "kind": "Найпростіше укриття",
        "premises": "Підвал, Житловий будинок",
        "operator": "КП \"ККОЖФ\" Святошинського району",
        "sourceName": "КМДА, мапа укриттів Києва",
        "source": "https://gis.kyivcity.gov.ua/shelter/",
        "coordinateSource": "https://gisserver-stage.kyivcity.gov.ua/mayno/rest/services/KYIV_API/Public_protection/MapServer/0",
        "sourceId": "75294",
        "retrievedAt": "2026-09-16",
        "verification": "official-registry-coordinate; entrance-unverified",
        "notes": "Об’єкт з офіційного реєстру; координати перенесені без змін. Польова перевірка не проводилася.",
        "coordinateAccuracy": "Точка об’єкта з офіційної карти",
        "entranceVerified": false,
        "access": "За даними КМДА: цілодобово.",
        "accessible": false,
        "capacity": null,
        "alsoListedIn": []
      },
      "geometry": {
        "type": "Point",
        "coordinates": [
          30.40028700000005,
          50.40818000000007
        ]
      }
    },
    {
      "type": "Feature",
      "properties": {
        "id": "kyiv-77826",
        "ref": "138",
        "name": "Укриття в житловому будинку",
        "settlement": "Київ, Святошинський р-н",
        "address": "вул. Симиренка, 22-Б",
        "kind": "Найпростіше укриття",
        "premises": "Підвал, Житловий будинок",
        "operator": "КП \"ККОЖФ\" Святошинського району",
        "sourceName": "КМДА, мапа укриттів Києва",
        "source": "https://gis.kyivcity.gov.ua/shelter/",
        "coordinateSource": "https://gisserver-stage.kyivcity.gov.ua/mayno/rest/services/KYIV_API/Public_protection/MapServer/0",
        "sourceId": "77826",
        "retrievedAt": "2026-09-16",
        "verification": "official-registry-coordinate; entrance-unverified",
        "notes": "Об’єкт з офіційного реєстру; координати перенесені без змін. Польова перевірка не проводилася.",
        "coordinateAccuracy": "Точка об’єкта з офіційної карти",
        "entranceVerified": false,
        "access": "За даними КМДА: цілодобово.",
        "accessible": false,
        "capacity": null,
        "alsoListedIn": []
      },
      "geometry": {
        "type": "Point",
        "coordinates": [
          30.39888300000007,
          50.40727300000003
        ]
      }
    },
    {
      "type": "Feature",
      "properties": {
        "id": "kyiv-76437",
        "ref": "139",
        "name": "КНП \"Центр первинної медико-Санітарної допомоги №2 Свтошинського району м. Києва",
        "settlement": "Київ, Святошинський р-н",
        "address": "вул. Симиренка, 38",
        "kind": "Найпростіше укриття",
        "premises": "Підвал, Лікувальний корпус",
        "operator": "КНП \"Центр первинної медико-Санітарної допомоги №2 Свтошинського району м. Києва",
        "sourceName": "КМДА, мапа укриттів Києва",
        "source": "https://gis.kyivcity.gov.ua/shelter/",
        "coordinateSource": "https://gisserver-stage.kyivcity.gov.ua/mayno/rest/services/KYIV_API/Public_protection/MapServer/0",
        "sourceId": "76437",
        "retrievedAt": "2026-09-16",
        "verification": "official-registry-coordinate; entrance-unverified",
        "notes": "Об’єкт з офіційного реєстру; координати перенесені без змін. Польова перевірка не проводилася.",
        "coordinateAccuracy": "Точка об’єкта з офіційної карти",
        "entranceVerified": false,
        "access": "За даними КМДА: цілодобово.",
        "accessible": false,
        "capacity": null,
        "alsoListedIn": []
      },
      "geometry": {
        "type": "Point",
        "coordinates": [
          30.406453000000056,
          50.40692300000006
        ]
      }
    },
    {
      "type": "Feature",
      "properties": {
        "id": "kyiv-76592",
        "ref": "140",
        "name": "Укриття в житловому будинку",
        "settlement": "Київ, Святошинський р-н",
        "address": "вул. Симиренка, 22-Г",
        "kind": "Найпростіше укриття",
        "premises": "Підвал, Житловий будинок",
        "operator": "КП \"ККОЖФ\" Святошинського району",
        "sourceName": "КМДА, мапа укриттів Києва",
        "source": "https://gis.kyivcity.gov.ua/shelter/",
        "coordinateSource": "https://gisserver-stage.kyivcity.gov.ua/mayno/rest/services/KYIV_API/Public_protection/MapServer/0",
        "sourceId": "76592",
        "retrievedAt": "2026-09-16",
        "verification": "official-registry-coordinate; entrance-unverified",
        "notes": "Об’єкт з офіційного реєстру; координати перенесені без змін. Польова перевірка не проводилася.",
        "coordinateAccuracy": "Точка об’єкта з офіційної карти",
        "entranceVerified": false,
        "access": "За даними КМДА: цілодобово.",
        "accessible": false,
        "capacity": null,
        "alsoListedIn": []
      },
      "geometry": {
        "type": "Point",
        "coordinates": [
          30.40075836400007,
          50.40679400000005
        ]
      }
    },
    {
      "type": "Feature",
      "properties": {
        "id": "koda-3208647c64c9fb72",
        "ref": "141",
        "name": "КЗПО ЦДТЮ «Апельсин-плюс»",
        "settlement": "Петропавлівська Борщагівка",
        "address": "вул. Соборна, 30А",
        "kind": "Найпростіше укриття",
        "premises": null,
        "operator": null,
        "sourceName": "Київська ОВА",
        "source": "https://koda.gov.ua/czyvilnyj-front/zahysni-sporudy-tochky-obigrivu/ukryttya/",
        "coordinateSource": "https://www.google.com/maps/d/viewer?mid=133eWWMRjEzUA1_n5d2Ae28nwvrIP41U",
        "sourceId": "3208647c64c9fb72",
        "retrievedAt": "2026-09-16",
        "verification": "official-registry-coordinate; entrance-unverified",
        "notes": "Об’єкт з офіційного реєстру; координати перенесені без змін. Польова перевірка не проводилася.",
        "coordinateAccuracy": "Точка об’єкта з офіційної карти",
        "entranceVerified": false,
        "access": "За даними КОВА: у разі тривоги.",
        "accessible": false,
        "capacity": null,
        "alsoListedIn": []
      },
      "geometry": {
        "type": "Point",
        "coordinates": [
          30.3429529112909,
          50.4363452699251
        ]
      }
    },
    {
      "type": "Feature",
      "properties": {
        "id": "koda-32088ca760c9bf97",
        "ref": "142",
        "name": "ЗДО \"Малятко\"",
        "settlement": "Петропавлівська Борщагівка",
        "address": "вул. Ярослава Мудрого, 1Б",
        "kind": "Найпростіше укриття",
        "premises": null,
        "operator": null,
        "sourceName": "Київська ОВА",
        "source": "https://koda.gov.ua/czyvilnyj-front/zahysni-sporudy-tochky-obigrivu/ukryttya/",
        "coordinateSource": "https://www.google.com/maps/d/viewer?mid=133eWWMRjEzUA1_n5d2Ae28nwvrIP41U",
        "sourceId": "32088ca760c9bf97",
        "retrievedAt": "2026-09-16",
        "verification": "official-registry-coordinate; entrance-unverified",
        "notes": "Об’єкт з офіційного реєстру; координати перенесені без змін. Польова перевірка не проводилася.",
        "coordinateAccuracy": "Точка об’єкта з офіційної карти",
        "entranceVerified": false,
        "access": "За даними КОВА: у разі тривоги.",
        "accessible": false,
        "capacity": null,
        "alsoListedIn": []
      },
      "geometry": {
        "type": "Point",
        "coordinates": [
          30.3298988396708,
          50.4330208187567
        ]
      }
    },
    {
      "type": "Feature",
      "properties": {
        "id": "koda-3208b90101be4c74",
        "ref": "143",
        "name": "Ліцей \"Нова школа наук\"",
        "settlement": "Петропавлівська Борщагівка",
        "address": "вул. Миру, 5",
        "kind": "Найпростіше укриття",
        "premises": null,
        "operator": null,
        "sourceName": "Київська ОВА",
        "source": "https://koda.gov.ua/czyvilnyj-front/zahysni-sporudy-tochky-obigrivu/ukryttya/",
        "coordinateSource": "https://www.google.com/maps/d/viewer?mid=133eWWMRjEzUA1_n5d2Ae28nwvrIP41U",
        "sourceId": "3208b90101be4c74",
        "retrievedAt": "2026-09-16",
        "verification": "official-registry-coordinate; entrance-unverified",
        "notes": "Об’єкт з офіційного реєстру; координати перенесені без змін. Польова перевірка не проводилася.",
        "coordinateAccuracy": "Точка об’єкта з офіційної карти",
        "entranceVerified": false,
        "access": "За даними КОВА: у разі тривоги.",
        "accessible": false,
        "capacity": null,
        "alsoListedIn": []
      },
      "geometry": {
        "type": "Point",
        "coordinates": [
          30.3182224550936,
          50.4329433457211
        ]
      }
    },
    {
      "type": "Feature",
      "properties": {
        "id": "koda-3208436f63d98c3d",
        "ref": "144",
        "name": "ЗДО \"Софія\"",
        "settlement": "Софіївська Борщагівка",
        "address": "вул. Сонячна, 10",
        "kind": "Найпростіше укриття",
        "premises": null,
        "operator": null,
        "sourceName": "Київська ОВА",
        "source": "https://koda.gov.ua/czyvilnyj-front/zahysni-sporudy-tochky-obigrivu/ukryttya/",
        "coordinateSource": "https://www.google.com/maps/d/viewer?mid=133eWWMRjEzUA1_n5d2Ae28nwvrIP41U",
        "sourceId": "3208436f63d98c3d",
        "retrievedAt": "2026-09-16",
        "verification": "official-registry-coordinate; entrance-unverified",
        "notes": "Об’єкт з офіційного реєстру; координати перенесені без змін. Польова перевірка не проводилася.",
        "coordinateAccuracy": "Точка об’єкта з офіційної карти",
        "entranceVerified": false,
        "access": "За даними КОВА: у разі тривоги.",
        "accessible": true,
        "capacity": null,
        "alsoListedIn": []
      },
      "geometry": {
        "type": "Point",
        "coordinates": [
          30.3858688093942,
          50.3984292918974
        ]
      }
    },
    {
      "type": "Feature",
      "properties": {
        "id": "koda-320886a16a1b9134",
        "ref": "145",
        "name": "ЗДО «П’ять сов\"",
        "settlement": "Софіївська Борщагівка",
        "address": "вул. Соборна, 107Б, офіс 112",
        "kind": "Найпростіше укриття",
        "premises": null,
        "operator": null,
        "sourceName": "Київська ОВА",
        "source": "https://koda.gov.ua/czyvilnyj-front/zahysni-sporudy-tochky-obigrivu/ukryttya/",
        "coordinateSource": "https://www.google.com/maps/d/viewer?mid=133eWWMRjEzUA1_n5d2Ae28nwvrIP41U",
        "sourceId": "320886a16a1b9134",
        "retrievedAt": "2026-09-16",
        "verification": "official-registry-coordinate; entrance-unverified",
        "notes": "Об’єкт з офіційного реєстру; координати перенесені без змін. Польова перевірка не проводилася.",
        "coordinateAccuracy": "Точка об’єкта з офіційної карти",
        "entranceVerified": false,
        "access": "За даними КОВА: у разі тривоги.",
        "accessible": false,
        "capacity": null,
        "alsoListedIn": []
      },
      "geometry": {
        "type": "Point",
        "coordinates": [
          30.3217393668501,
          50.3980062306083
        ]
      }
    },
    {
      "type": "Feature",
      "properties": {
        "id": "koda-3208f52c87d9021c",
        "ref": "146",
        "name": "Укриття в житловому будинку",
        "settlement": "Вишневе",
        "address": "вул. Машинобудівників, 17А",
        "kind": "Найпростіше укриття",
        "premises": "Житловий будинок",
        "operator": null,
        "sourceName": "Київська ОВА",
        "source": "https://koda.gov.ua/czyvilnyj-front/zahysni-sporudy-tochky-obigrivu/ukryttya/",
        "coordinateSource": "https://www.google.com/maps/d/viewer?mid=133eWWMRjEzUA1_n5d2Ae28nwvrIP41U",
        "sourceId": "3208f52c87d9021c",
        "retrievedAt": "2026-09-16",
        "verification": "official-registry-coordinate; entrance-unverified",
        "notes": "Об’єкт з офіційного реєстру; координати перенесені без змін. Польова перевірка не проводилася.",
        "coordinateAccuracy": "Точка об’єкта з офіційної карти",
        "entranceVerified": false,
        "access": "За даними КОВА: цілодобово.",
        "accessible": true,
        "capacity": null,
        "alsoListedIn": []
      },
      "geometry": {
        "type": "Point",
        "coordinates": [
          30.3712494386814,
          50.3961164199401
        ]
      }
    },
    {
      "type": "Feature",
      "properties": {
        "id": "koda-32087c01d9a76dd9",
        "ref": "147",
        "name": "КЗ \"ВИШНЕВИЙ ЗАКЛАД ДОШКІЛЬНОЇ ОСВІТИ \"НАМИСТИНКА\"",
        "settlement": "Вишневе",
        "address": "вул. Святошинська, 50",
        "kind": "Найпростіше укриття",
        "premises": null,
        "operator": null,
        "sourceName": "Київська ОВА",
        "source": "https://koda.gov.ua/czyvilnyj-front/zahysni-sporudy-tochky-obigrivu/ukryttya/",
        "coordinateSource": "https://www.google.com/maps/d/viewer?mid=133eWWMRjEzUA1_n5d2Ae28nwvrIP41U",
        "sourceId": "32087c01d9a76dd9",
        "retrievedAt": "2026-09-16",
        "verification": "official-registry-coordinate; entrance-unverified",
        "notes": "Об’єкт з офіційного реєстру; координати перенесені без змін. Польова перевірка не проводилася.",
        "coordinateAccuracy": "Точка об’єкта з офіційної карти",
        "entranceVerified": false,
        "access": "За даними КОВА: цілодобово.",
        "accessible": true,
        "capacity": null,
        "alsoListedIn": []
      },
      "geometry": {
        "type": "Point",
        "coordinates": [
          30.3695213517309,
          50.3959108164826
        ]
      }
    },
    {
      "type": "Feature",
      "properties": {
        "id": "koda-32083b79a5f70d67",
        "ref": "148",
        "name": "Укриття в житловому будинку",
        "settlement": "Вишневе",
        "address": "вул. Київська, 1",
        "kind": "Найпростіше укриття",
        "premises": "Багатоповерховий житловий будинок",
        "operator": null,
        "sourceName": "Київська ОВА",
        "source": "https://koda.gov.ua/czyvilnyj-front/zahysni-sporudy-tochky-obigrivu/ukryttya/",
        "coordinateSource": "https://www.google.com/maps/d/viewer?mid=133eWWMRjEzUA1_n5d2Ae28nwvrIP41U",
        "sourceId": "32083b79a5f70d67",
        "retrievedAt": "2026-09-16",
        "verification": "official-registry-coordinate; entrance-unverified",
        "notes": "Об’єкт з офіційного реєстру; координати перенесені без змін. Польова перевірка не проводилася.",
        "coordinateAccuracy": "Точка об’єкта з офіційної карти",
        "entranceVerified": false,
        "access": "За даними КОВА: цілодобово.",
        "accessible": true,
        "capacity": null,
        "alsoListedIn": []
      },
      "geometry": {
        "type": "Point",
        "coordinates": [
          30.3669911521752,
          50.3955315425837
        ]
      }
    },
    {
      "type": "Feature",
      "properties": {
        "id": "koda-320842c57d4e329b",
        "ref": "149",
        "name": "Укриття в житловому будинку",
        "settlement": "Вишневе",
        "address": "вул. Київська, 1А",
        "kind": "Найпростіше укриття",
        "premises": "Багатоповерховий житловий будинок",
        "operator": null,
        "sourceName": "Київська ОВА",
        "source": "https://koda.gov.ua/czyvilnyj-front/zahysni-sporudy-tochky-obigrivu/ukryttya/",
        "coordinateSource": "https://www.google.com/maps/d/viewer?mid=133eWWMRjEzUA1_n5d2Ae28nwvrIP41U",
        "sourceId": "320842c57d4e329b",
        "retrievedAt": "2026-09-16",
        "verification": "official-registry-coordinate; entrance-unverified",
        "notes": "Об’єкт з офіційного реєстру; координати перенесені без змін. Польова перевірка не проводилася.",
        "coordinateAccuracy": "Точка об’єкта з офіційної карти",
        "entranceVerified": false,
        "access": "За даними КОВА: цілодобово.",
        "accessible": true,
        "capacity": null,
        "alsoListedIn": []
      },
      "geometry": {
        "type": "Point",
        "coordinates": [
          30.3665790810104,
          50.3947784423802
        ]
      }
    },
    {
      "type": "Feature",
      "properties": {
        "id": "koda-32084472d31439d6",
        "ref": "150",
        "name": "Укриття в житловому будинку",
        "settlement": "Вишневе",
        "address": "вул. Святошинська, 43А",
        "kind": "Найпростіше укриття",
        "premises": "Багатоповерховий житловий будинок",
        "operator": null,
        "sourceName": "Київська ОВА",
        "source": "https://koda.gov.ua/czyvilnyj-front/zahysni-sporudy-tochky-obigrivu/ukryttya/",
        "coordinateSource": "https://www.google.com/maps/d/viewer?mid=133eWWMRjEzUA1_n5d2Ae28nwvrIP41U",
        "sourceId": "32084472d31439d6",
        "retrievedAt": "2026-09-16",
        "verification": "official-registry-coordinate; entrance-unverified",
        "notes": "Об’єкт з офіційного реєстру; координати перенесені без змін. Польова перевірка не проводилася.",
        "coordinateAccuracy": "Точка об’єкта з офіційної карти",
        "entranceVerified": false,
        "access": "За даними КОВА: цілодобово.",
        "accessible": true,
        "capacity": null,
        "alsoListedIn": []
      },
      "geometry": {
        "type": "Point",
        "coordinates": [
          30.3674093251872,
          50.3947654236432
        ]
      }
    },
    {
      "type": "Feature",
      "properties": {
        "id": "koda-3208c69a87a485e2",
        "ref": "151",
        "name": "ВИШНІВСЬКИЙ АКАДЕМІЧНИЙ ЛІЦЕЙ \"ОСНОВА\"",
        "settlement": "Вишневе",
        "address": "вул. Святошинська. 44",
        "kind": "Найпростіше укриття",
        "premises": null,
        "operator": null,
        "sourceName": "Київська ОВА",
        "source": "https://koda.gov.ua/czyvilnyj-front/zahysni-sporudy-tochky-obigrivu/ukryttya/",
        "coordinateSource": "https://www.google.com/maps/d/viewer?mid=133eWWMRjEzUA1_n5d2Ae28nwvrIP41U",
        "sourceId": "3208c69a87a485e2",
        "retrievedAt": "2026-09-16",
        "verification": "official-registry-coordinate; entrance-unverified",
        "notes": "Об’єкт з офіційного реєстру; координати перенесені без змін. Польова перевірка не проводилася.",
        "coordinateAccuracy": "Точка об’єкта з офіційної карти",
        "entranceVerified": false,
        "access": "За даними КОВА: цілодобово.",
        "accessible": true,
        "capacity": null,
        "alsoListedIn": []
      },
      "geometry": {
        "type": "Point",
        "coordinates": [
          30.3698437631943,
          50.3946855321694
        ]
      }
    },
    {
      "type": "Feature",
      "properties": {
        "id": "koda-32082b957a801aff",
        "ref": "152",
        "name": "КНП \"ВИШНІВСЬКА МІСЬКА ЛІКАРНЯ\"",
        "settlement": "Вишневе",
        "address": "вул. Машинобудівників, 7",
        "kind": "Найпростіше укриття",
        "premises": null,
        "operator": null,
        "sourceName": "Київська ОВА",
        "source": "https://koda.gov.ua/czyvilnyj-front/zahysni-sporudy-tochky-obigrivu/ukryttya/",
        "coordinateSource": "https://www.google.com/maps/d/viewer?mid=133eWWMRjEzUA1_n5d2Ae28nwvrIP41U",
        "sourceId": "32082b957a801aff",
        "retrievedAt": "2026-09-16",
        "verification": "official-registry-coordinate; entrance-unverified",
        "notes": "Об’єкт з офіційного реєстру; координати перенесені без змін. Польова перевірка не проводилася.",
        "coordinateAccuracy": "Точка об’єкта з офіційної карти",
        "entranceVerified": false,
        "access": "За даними КОВА: цілодобово.",
        "accessible": true,
        "capacity": null,
        "alsoListedIn": []
      },
      "geometry": {
        "type": "Point",
        "coordinates": [
          30.3796220816605,
          50.394639377265
        ]
      }
    },
    {
      "type": "Feature",
      "properties": {
        "id": "koda-320883b61fc8ba84",
        "ref": "153",
        "name": "житловий багатоповерховий будинок",
        "settlement": "Вишневе",
        "address": "вул. Святошинська, 41А",
        "kind": "Найпростіше укриття",
        "premises": null,
        "operator": null,
        "sourceName": "Київська ОВА",
        "source": "https://koda.gov.ua/czyvilnyj-front/zahysni-sporudy-tochky-obigrivu/ukryttya/",
        "coordinateSource": "https://www.google.com/maps/d/viewer?mid=133eWWMRjEzUA1_n5d2Ae28nwvrIP41U",
        "sourceId": "320883b61fc8ba84",
        "retrievedAt": "2026-09-16",
        "verification": "official-registry-coordinate; entrance-unverified",
        "notes": "Об’єкт з офіційного реєстру; координати перенесені без змін. Польова перевірка не проводилася.",
        "coordinateAccuracy": "Точка об’єкта з офіційної карти",
        "entranceVerified": false,
        "access": "За даними КОВА: цілодобово.",
        "accessible": false,
        "capacity": null,
        "alsoListedIn": []
      },
      "geometry": {
        "type": "Point",
        "coordinates": [
          30.3672121656691,
          50.3943416041118
        ]
      }
    },
    {
      "type": "Feature",
      "properties": {
        "id": "koda-32087365e1bff3b1",
        "ref": "154",
        "name": "Укриття в житловому будинку",
        "settlement": "Вишневе",
        "address": "вул. Київська, 3",
        "kind": "Найпростіше укриття",
        "premises": "Багатоповерховий житловий будинок",
        "operator": null,
        "sourceName": "Київська ОВА",
        "source": "https://koda.gov.ua/czyvilnyj-front/zahysni-sporudy-tochky-obigrivu/ukryttya/",
        "coordinateSource": "https://www.google.com/maps/d/viewer?mid=133eWWMRjEzUA1_n5d2Ae28nwvrIP41U",
        "sourceId": "32087365e1bff3b1",
        "retrievedAt": "2026-09-16",
        "verification": "official-registry-coordinate; entrance-unverified",
        "notes": "Об’єкт з офіційного реєстру; координати перенесені без змін. Польова перевірка не проводилася.",
        "coordinateAccuracy": "Точка об’єкта з офіційної карти",
        "entranceVerified": false,
        "access": "За даними КОВА: цілодобово.",
        "accessible": false,
        "capacity": null,
        "alsoListedIn": []
      },
      "geometry": {
        "type": "Point",
        "coordinates": [
          30.3665851251872,
          50.3941961855305
        ]
      }
    },
    {
      "type": "Feature",
      "properties": {
        "id": "koda-3208f2856aaa65f3",
        "ref": "155",
        "name": "ВИШНІВСЬКИЙ АКАДЕМІЧНИЙ ЛІЦЕЙ \"ІДЕАЛ\"",
        "settlement": "Вишневе",
        "address": "вул. Машинобудівників, 3",
        "kind": "Найпростіше укриття",
        "premises": null,
        "operator": null,
        "sourceName": "Київська ОВА",
        "source": "https://koda.gov.ua/czyvilnyj-front/zahysni-sporudy-tochky-obigrivu/ukryttya/",
        "coordinateSource": "https://www.google.com/maps/d/viewer?mid=133eWWMRjEzUA1_n5d2Ae28nwvrIP41U",
        "sourceId": "3208f2856aaa65f3",
        "retrievedAt": "2026-09-16",
        "verification": "official-registry-coordinate; entrance-unverified",
        "notes": "Об’єкт з офіційного реєстру; координати перенесені без змін. Польова перевірка не проводилася.",
        "coordinateAccuracy": "Точка об’єкта з офіційної карти",
        "entranceVerified": false,
        "access": "За даними КОВА: цілодобово.",
        "accessible": true,
        "capacity": null,
        "alsoListedIn": []
      },
      "geometry": {
        "type": "Point",
        "coordinates": [
          30.381465766003,
          50.3939055089626
        ]
      }
    },
    {
      "type": "Feature",
      "properties": {
        "id": "koda-3208a002a12bfd4d",
        "ref": "156",
        "name": "Укриття в житловому будинку",
        "settlement": "Вишневе",
        "address": "вул. Машинобудівників, 5",
        "kind": "Найпростіше укриття",
        "premises": "Житловий будинок",
        "operator": null,
        "sourceName": "Київська ОВА",
        "source": "https://koda.gov.ua/czyvilnyj-front/zahysni-sporudy-tochky-obigrivu/ukryttya/",
        "coordinateSource": "https://www.google.com/maps/d/viewer?mid=133eWWMRjEzUA1_n5d2Ae28nwvrIP41U",
        "sourceId": "3208a002a12bfd4d",
        "retrievedAt": "2026-09-16",
        "verification": "official-registry-coordinate; entrance-unverified",
        "notes": "Об’єкт з офіційного реєстру; координати перенесені без змін. Польова перевірка не проводилася.",
        "coordinateAccuracy": "Точка об’єкта з офіційної карти",
        "entranceVerified": false,
        "access": "За даними КОВА: цілодобово.",
        "accessible": true,
        "capacity": null,
        "alsoListedIn": []
      },
      "geometry": {
        "type": "Point",
        "coordinates": [
          30.3796360675165,
          50.39375468537
        ]
      }
    },
    {
      "type": "Feature",
      "properties": {
        "id": "koda-320814c9fcec984c",
        "ref": "157",
        "name": "Укриття в житловому будинку",
        "settlement": "Вишневе",
        "address": "вул. Європейська, 21",
        "kind": "Найпростіше укриття",
        "premises": "Житловий будинок",
        "operator": null,
        "sourceName": "Київська ОВА",
        "source": "https://koda.gov.ua/czyvilnyj-front/zahysni-sporudy-tochky-obigrivu/ukryttya/",
        "coordinateSource": "https://www.google.com/maps/d/viewer?mid=133eWWMRjEzUA1_n5d2Ae28nwvrIP41U",
        "sourceId": "320814c9fcec984c",
        "retrievedAt": "2026-09-16",
        "verification": "official-registry-coordinate; entrance-unverified",
        "notes": "Об’єкт з офіційного реєстру; координати перенесені без змін. Польова перевірка не проводилася.",
        "coordinateAccuracy": "Точка об’єкта з офіційної карти",
        "entranceVerified": false,
        "access": "За даними КОВА: цілодобово.",
        "accessible": true,
        "capacity": null,
        "alsoListedIn": []
      },
      "geometry": {
        "type": "Point",
        "coordinates": [
          30.3732169810104,
          50.3935585064841
        ]
      }
    },
    {
      "type": "Feature",
      "properties": {
        "id": "koda-320869be4138e515",
        "ref": "158",
        "name": "Укриття в житловому будинку",
        "settlement": "Вишневе",
        "address": "вул. Машинобудівників, 1В",
        "kind": "Найпростіше укриття",
        "premises": "Житловий будинок",
        "operator": null,
        "sourceName": "Київська ОВА",
        "source": "https://koda.gov.ua/czyvilnyj-front/zahysni-sporudy-tochky-obigrivu/ukryttya/",
        "coordinateSource": "https://www.google.com/maps/d/viewer?mid=133eWWMRjEzUA1_n5d2Ae28nwvrIP41U",
        "sourceId": "320869be4138e515",
        "retrievedAt": "2026-09-16",
        "verification": "official-registry-coordinate; entrance-unverified",
        "notes": "Об’єкт з офіційного реєстру; координати перенесені без змін. Польова перевірка не проводилася.",
        "coordinateAccuracy": "Точка об’єкта з офіційної карти",
        "entranceVerified": false,
        "access": "За даними КОВА: цілодобово.",
        "accessible": true,
        "capacity": null,
        "alsoListedIn": []
      },
      "geometry": {
        "type": "Point",
        "coordinates": [
          30.384328182858,
          50.3935458053812
        ]
      }
    },
    {
      "type": "Feature",
      "properties": {
        "id": "koda-3208ec29a6b4269d",
        "ref": "159",
        "name": "ТОВ «Центр розвитку дитини «Веселка дитинства»",
        "settlement": "Святопетрівське",
        "address": "вул. Б. Хмельницького, 28А",
        "kind": "Найпростіше укриття",
        "premises": null,
        "operator": null,
        "sourceName": "Київська ОВА",
        "source": "https://koda.gov.ua/czyvilnyj-front/zahysni-sporudy-tochky-obigrivu/ukryttya/",
        "coordinateSource": "https://www.google.com/maps/d/viewer?mid=133eWWMRjEzUA1_n5d2Ae28nwvrIP41U",
        "sourceId": "3208ec29a6b4269d",
        "retrievedAt": "2026-09-16",
        "verification": "official-registry-coordinate; entrance-unverified",
        "notes": "Об’єкт з офіційного реєстру; координати перенесені без змін. Польова перевірка не проводилася.",
        "coordinateAccuracy": "Точка об’єкта з офіційної карти",
        "entranceVerified": false,
        "access": "За даними КОВА: у разі тривоги.",
        "accessible": false,
        "capacity": null,
        "alsoListedIn": []
      },
      "geometry": {
        "type": "Point",
        "coordinates": [
          30.3183,
          50.3926
        ]
      }
    },
    {
      "type": "Feature",
      "properties": {
        "id": "koda-320864bfce4509ce",
        "ref": "160",
        "name": "ТОВ «Заклад загальної середньої освіти «Святопетрівська Гімназія «Нова Ера»",
        "settlement": "Святопетрівське",
        "address": "вул. Богдана Хмельницького, 28А",
        "kind": "Найпростіше укриття",
        "premises": null,
        "operator": null,
        "sourceName": "Київська ОВА",
        "source": "https://koda.gov.ua/czyvilnyj-front/zahysni-sporudy-tochky-obigrivu/ukryttya/",
        "coordinateSource": "https://www.google.com/maps/d/viewer?mid=133eWWMRjEzUA1_n5d2Ae28nwvrIP41U",
        "sourceId": "320864bfce4509ce",
        "retrievedAt": "2026-09-16",
        "verification": "official-registry-coordinate; entrance-unverified",
        "notes": "Об’єкт з офіційного реєстру; координати перенесені без змін. Польова перевірка не проводилася.",
        "coordinateAccuracy": "Точка об’єкта з офіційної карти",
        "entranceVerified": false,
        "access": "За даними КОВА: у разі тривоги.",
        "accessible": false,
        "capacity": null,
        "alsoListedIn": []
      },
      "geometry": {
        "type": "Point",
        "coordinates": [
          30.3183,
          50.3926
        ]
      }
    },
    {
      "type": "Feature",
      "properties": {
        "id": "koda-32088a73bcbccddc",
        "ref": "161",
        "name": "Укриття в житловому будинку",
        "settlement": "Вишневе",
        "address": "вул. Святошинська, 38",
        "kind": "Найпростіше укриття",
        "premises": "Багатоповерховий житловий будинок",
        "operator": null,
        "sourceName": "Київська ОВА",
        "source": "https://koda.gov.ua/czyvilnyj-front/zahysni-sporudy-tochky-obigrivu/ukryttya/",
        "coordinateSource": "https://www.google.com/maps/d/viewer?mid=133eWWMRjEzUA1_n5d2Ae28nwvrIP41U",
        "sourceId": "32088a73bcbccddc",
        "retrievedAt": "2026-09-16",
        "verification": "official-registry-coordinate; entrance-unverified",
        "notes": "Об’єкт з офіційного реєстру; координати перенесені без змін. Польова перевірка не проводилася.",
        "coordinateAccuracy": "Точка об’єкта з офіційної карти",
        "entranceVerified": false,
        "access": "За даними КОВА: цілодобово.",
        "accessible": false,
        "capacity": null,
        "alsoListedIn": []
      },
      "geometry": {
        "type": "Point",
        "coordinates": [
          30.3686701251871,
          50.3925146298124
        ]
      }
    },
    {
      "type": "Feature",
      "properties": {
        "id": "koda-32080e5e5307fda3",
        "ref": "162",
        "name": "Укриття в житловому будинку",
        "settlement": "Вишневе",
        "address": "вул. Європейська, 43",
        "kind": "Найпростіше укриття",
        "premises": "Житловий будинок",
        "operator": null,
        "sourceName": "Київська ОВА",
        "source": "https://koda.gov.ua/czyvilnyj-front/zahysni-sporudy-tochky-obigrivu/ukryttya/",
        "coordinateSource": "https://www.google.com/maps/d/viewer?mid=133eWWMRjEzUA1_n5d2Ae28nwvrIP41U",
        "sourceId": "32080e5e5307fda3",
        "retrievedAt": "2026-09-16",
        "verification": "official-registry-coordinate; entrance-unverified",
        "notes": "Об’єкт з офіційного реєстру; координати перенесені без змін. Польова перевірка не проводилася.",
        "coordinateAccuracy": "Точка об’єкта з офіційної карти",
        "entranceVerified": false,
        "access": "За даними КОВА: цілодобово.",
        "accessible": true,
        "capacity": null,
        "alsoListedIn": []
      },
      "geometry": {
        "type": "Point",
        "coordinates": [
          30.3798591810103,
          50.3921913104616
        ]
      }
    },
    {
      "type": "Feature",
      "properties": {
        "id": "koda-32082cecb522ae09",
        "ref": "163",
        "name": "Укриття в житловому будинку",
        "settlement": "Вишневе",
        "address": "вул. Європейська, 39",
        "kind": "Найпростіше укриття",
        "premises": "Житловий будинок",
        "operator": null,
        "sourceName": "Київська ОВА",
        "source": "https://koda.gov.ua/czyvilnyj-front/zahysni-sporudy-tochky-obigrivu/ukryttya/",
        "coordinateSource": "https://www.google.com/maps/d/viewer?mid=133eWWMRjEzUA1_n5d2Ae28nwvrIP41U",
        "sourceId": "32082cecb522ae09",
        "retrievedAt": "2026-09-16",
        "verification": "official-registry-coordinate; entrance-unverified",
        "notes": "Об’єкт з офіційного реєстру; координати перенесені без змін. Польова перевірка не проводилася.",
        "coordinateAccuracy": "Точка об’єкта з офіційної карти",
        "entranceVerified": false,
        "access": "За даними КОВА: цілодобово.",
        "accessible": true,
        "capacity": null,
        "alsoListedIn": []
      },
      "geometry": {
        "type": "Point",
        "coordinates": [
          30.3780788233396,
          50.392070650974
        ]
      }
    },
    {
      "type": "Feature",
      "properties": {
        "id": "koda-32087571750afe92",
        "ref": "164",
        "name": "Укриття в житловому будинку",
        "settlement": "Вишневе",
        "address": "вул. Європейська 34Б(8 пі’їзд)",
        "kind": "Найпростіше укриття",
        "premises": "Житловий будинок",
        "operator": null,
        "sourceName": "Київська ОВА",
        "source": "https://koda.gov.ua/czyvilnyj-front/zahysni-sporudy-tochky-obigrivu/ukryttya/",
        "coordinateSource": "https://www.google.com/maps/d/viewer?mid=133eWWMRjEzUA1_n5d2Ae28nwvrIP41U",
        "sourceId": "32087571750afe92",
        "retrievedAt": "2026-09-16",
        "verification": "official-registry-coordinate; entrance-unverified",
        "notes": "Об’єкт з офіційного реєстру; координати перенесені без змін. Польова перевірка не проводилася.",
        "coordinateAccuracy": "Точка об’єкта з офіційної карти",
        "entranceVerified": false,
        "access": "За даними КОВА: цілодобово.",
        "accessible": true,
        "capacity": null,
        "alsoListedIn": []
      },
      "geometry": {
        "type": "Point",
        "coordinates": [
          30.3870468098456,
          50.3909924945347
        ]
      }
    },
    {
      "type": "Feature",
      "properties": {
        "id": "koda-3208997ea020cf88",
        "ref": "165",
        "name": "Укриття в житловому будинку",
        "settlement": "Вишневе",
        "address": "вул. Європейська, 34Б",
        "kind": "Найпростіше укриття",
        "premises": "Житловий будинок",
        "operator": null,
        "sourceName": "Київська ОВА",
        "source": "https://koda.gov.ua/czyvilnyj-front/zahysni-sporudy-tochky-obigrivu/ukryttya/",
        "coordinateSource": "https://www.google.com/maps/d/viewer?mid=133eWWMRjEzUA1_n5d2Ae28nwvrIP41U",
        "sourceId": "3208997ea020cf88",
        "retrievedAt": "2026-09-16",
        "verification": "official-registry-coordinate; entrance-unverified",
        "notes": "Об’єкт з офіційного реєстру; координати перенесені без змін. Польова перевірка не проводилася.",
        "coordinateAccuracy": "Точка об’єкта з офіційної карти",
        "entranceVerified": false,
        "access": "За даними КОВА: цілодобово.",
        "accessible": true,
        "capacity": null,
        "alsoListedIn": []
      },
      "geometry": {
        "type": "Point",
        "coordinates": [
          30.3871540981992,
          50.3909651340593
        ]
      }
    },
    {
      "type": "Feature",
      "properties": {
        "id": "koda-32085897791d7dbb",
        "ref": "166",
        "name": "Укриття в житловому будинку",
        "settlement": "Вишневе",
        "address": "вул. Вітянська, 2",
        "kind": "Найпростіше укриття",
        "premises": "Житловий будинок",
        "operator": null,
        "sourceName": "Київська ОВА",
        "source": "https://koda.gov.ua/czyvilnyj-front/zahysni-sporudy-tochky-obigrivu/ukryttya/",
        "coordinateSource": "https://www.google.com/maps/d/viewer?mid=133eWWMRjEzUA1_n5d2Ae28nwvrIP41U",
        "sourceId": "32085897791d7dbb",
        "retrievedAt": "2026-09-16",
        "verification": "official-registry-coordinate; entrance-unverified",
        "notes": "Об’єкт з офіційного реєстру; координати перенесені без змін. Польова перевірка не проводилася.",
        "coordinateAccuracy": "Точка об’єкта з офіційної карти",
        "entranceVerified": false,
        "access": "За даними КОВА: цілодобово.",
        "accessible": true,
        "capacity": null,
        "alsoListedIn": []
      },
      "geometry": {
        "type": "Point",
        "coordinates": [
          30.3816720828577,
          50.3907306552266
        ]
      }
    },
    {
      "type": "Feature",
      "properties": {
        "id": "koda-3208078b53d36617",
        "ref": "167",
        "name": "Укриття в житловому будинку",
        "settlement": "Вишневе",
        "address": "вул. Святошинська27Г",
        "kind": "Найпростіше укриття",
        "premises": "Житловий будинок",
        "operator": null,
        "sourceName": "Київська ОВА",
        "source": "https://koda.gov.ua/czyvilnyj-front/zahysni-sporudy-tochky-obigrivu/ukryttya/",
        "coordinateSource": "https://www.google.com/maps/d/viewer?mid=133eWWMRjEzUA1_n5d2Ae28nwvrIP41U",
        "sourceId": "3208078b53d36617",
        "retrievedAt": "2026-09-16",
        "verification": "official-registry-coordinate; entrance-unverified",
        "notes": "Об’єкт з офіційного реєстру; координати перенесені без змін. Польова перевірка не проводилася.",
        "coordinateAccuracy": "Точка об’єкта з офіційної карти",
        "entranceVerified": false,
        "access": "За даними КОВА: цілодобово.",
        "accessible": true,
        "capacity": null,
        "alsoListedIn": []
      },
      "geometry": {
        "type": "Point",
        "coordinates": [
          30.3667144810102,
          50.3906770152132
        ]
      }
    },
    {
      "type": "Feature",
      "properties": {
        "id": "koda-3208724eb87a206f",
        "ref": "168",
        "name": "Укриття в житловому будинку",
        "settlement": "Вишневе",
        "address": "вул. Європейська, 8",
        "kind": "Найпростіше укриття",
        "premises": "Вул.європейська,8",
        "operator": null,
        "sourceName": "Київська ОВА",
        "source": "https://koda.gov.ua/czyvilnyj-front/zahysni-sporudy-tochky-obigrivu/ukryttya/",
        "coordinateSource": "https://www.google.com/maps/d/viewer?mid=133eWWMRjEzUA1_n5d2Ae28nwvrIP41U",
        "sourceId": "3208724eb87a206f",
        "retrievedAt": "2026-09-16",
        "verification": "official-registry-coordinate; entrance-unverified",
        "notes": "Об’єкт з офіційного реєстру; координати перенесені без змін. Польова перевірка не проводилася.",
        "coordinateAccuracy": "Точка об’єкта з офіційної карти",
        "entranceVerified": false,
        "access": "За даними КОВА: цілодобово.",
        "accessible": true,
        "capacity": null,
        "alsoListedIn": []
      },
      "geometry": {
        "type": "Point",
        "coordinates": [
          30.3780093386809,
          50.3903393967016
        ]
      }
    },
    {
      "type": "Feature",
      "properties": {
        "id": "koda-32084299def0c75e",
        "ref": "169",
        "name": "Укриття в житловому будинку",
        "settlement": "Вишневе",
        "address": "вул. Святошинська, 27Д",
        "kind": "Найпростіше укриття",
        "premises": "Житловий будинок",
        "operator": null,
        "sourceName": "Київська ОВА",
        "source": "https://koda.gov.ua/czyvilnyj-front/zahysni-sporudy-tochky-obigrivu/ukryttya/",
        "coordinateSource": "https://www.google.com/maps/d/viewer?mid=133eWWMRjEzUA1_n5d2Ae28nwvrIP41U",
        "sourceId": "32084299def0c75e",
        "retrievedAt": "2026-09-16",
        "verification": "official-registry-coordinate; entrance-unverified",
        "notes": "Об’єкт з офіційного реєстру; координати перенесені без змін. Польова перевірка не проводилася.",
        "coordinateAccuracy": "Точка об’єкта з офіційної карти",
        "entranceVerified": false,
        "access": "За даними КОВА: цілодобово.",
        "accessible": true,
        "capacity": null,
        "alsoListedIn": []
      },
      "geometry": {
        "type": "Point",
        "coordinates": [
          30.366520438089,
          50.3902653341478
        ]
      }
    },
    {
      "type": "Feature",
      "properties": {
        "id": "koda-3208adfd2d9adde8",
        "ref": "170",
        "name": "Укриття в житловому будинку",
        "settlement": "Вишневе",
        "address": "вул. Вітянська, 1А",
        "kind": "Найпростіше укриття",
        "premises": "Житловий будинок",
        "operator": null,
        "sourceName": "Київська ОВА",
        "source": "https://koda.gov.ua/czyvilnyj-front/zahysni-sporudy-tochky-obigrivu/ukryttya/",
        "coordinateSource": "https://www.google.com/maps/d/viewer?mid=133eWWMRjEzUA1_n5d2Ae28nwvrIP41U",
        "sourceId": "3208adfd2d9adde8",
        "retrievedAt": "2026-09-16",
        "verification": "official-registry-coordinate; entrance-unverified",
        "notes": "Об’єкт з офіційного реєстру; координати перенесені без змін. Польова перевірка не проводилася.",
        "coordinateAccuracy": "Точка об’єкта з офіційної карти",
        "entranceVerified": false,
        "access": "За даними КОВА: цілодобово.",
        "accessible": true,
        "capacity": null,
        "alsoListedIn": []
      },
      "geometry": {
        "type": "Point",
        "coordinates": [
          30.3825441963516,
          50.3896399393575
        ]
      }
    },
    {
      "type": "Feature",
      "properties": {
        "id": "koda-3208778cafbdc23d",
        "ref": "171",
        "name": "Укриття в житловому будинку",
        "settlement": "Вишневе",
        "address": "вул. Вітянська, 3",
        "kind": "Найпростіше укриття",
        "premises": "Житловий будинок",
        "operator": null,
        "sourceName": "Київська ОВА",
        "source": "https://koda.gov.ua/czyvilnyj-front/zahysni-sporudy-tochky-obigrivu/ukryttya/",
        "coordinateSource": "https://www.google.com/maps/d/viewer?mid=133eWWMRjEzUA1_n5d2Ae28nwvrIP41U",
        "sourceId": "3208778cafbdc23d",
        "retrievedAt": "2026-09-16",
        "verification": "official-registry-coordinate; entrance-unverified",
        "notes": "Об’єкт з офіційного реєстру; координати перенесені без змін. Польова перевірка не проводилася.",
        "coordinateAccuracy": "Точка об’єкта з офіційної карти",
        "entranceVerified": false,
        "access": "За даними КОВА: цілодобово.",
        "accessible": true,
        "capacity": null,
        "alsoListedIn": []
      },
      "geometry": {
        "type": "Point",
        "coordinates": [
          30.3807068386809,
          50.3895562992997
        ]
      }
    },
    {
      "type": "Feature",
      "properties": {
        "id": "koda-32082db82f394f16",
        "ref": "172",
        "name": "Укриття в житловому будинку",
        "settlement": "Вишневе",
        "address": "вул. Вітянська, 7",
        "kind": "Найпростіше укриття",
        "premises": "Житловий будинок",
        "operator": null,
        "sourceName": "Київська ОВА",
        "source": "https://koda.gov.ua/czyvilnyj-front/zahysni-sporudy-tochky-obigrivu/ukryttya/",
        "coordinateSource": "https://www.google.com/maps/d/viewer?mid=133eWWMRjEzUA1_n5d2Ae28nwvrIP41U",
        "sourceId": "32082db82f394f16",
        "retrievedAt": "2026-09-16",
        "verification": "official-registry-coordinate; entrance-unverified",
        "notes": "Об’єкт з офіційного реєстру; координати перенесені без змін. Польова перевірка не проводилася.",
        "coordinateAccuracy": "Точка об’єкта з офіційної карти",
        "entranceVerified": false,
        "access": "За даними КОВА: цілодобово.",
        "accessible": true,
        "capacity": null,
        "alsoListedIn": []
      },
      "geometry": {
        "type": "Point",
        "coordinates": [
          30.3796724963516,
          50.3895100380474
        ]
      }
    },
    {
      "type": "Feature",
      "properties": {
        "id": "koda-32086375b9dd531d",
        "ref": "173",
        "name": "ВИШНІВСЬКИЙ АКАДЕМІЧНИЙ ЛІЦЕЙ №2",
        "settlement": "Вишневе",
        "address": "вул. Остапа Вишні, 2",
        "kind": "Найпростіше укриття",
        "premises": null,
        "operator": null,
        "sourceName": "Київська ОВА",
        "source": "https://koda.gov.ua/czyvilnyj-front/zahysni-sporudy-tochky-obigrivu/ukryttya/",
        "coordinateSource": "https://www.google.com/maps/d/viewer?mid=133eWWMRjEzUA1_n5d2Ae28nwvrIP41U",
        "sourceId": "32086375b9dd531d",
        "retrievedAt": "2026-09-16",
        "verification": "official-registry-coordinate; entrance-unverified",
        "notes": "Об’єкт з офіційного реєстру; координати перенесені без змін. Польова перевірка не проводилася.",
        "coordinateAccuracy": "Точка об’єкта з офіційної карти",
        "entranceVerified": false,
        "access": "За даними КОВА: цілодобово.",
        "accessible": true,
        "capacity": null,
        "alsoListedIn": []
      },
      "geometry": {
        "type": "Point",
        "coordinates": [
          30.3746020189037,
          50.3893156761344
        ]
      }
    },
    {
      "type": "Feature",
      "properties": {
        "id": "koda-3208a406205abc1f",
        "ref": "174",
        "name": "Укриття в житловому будинку",
        "settlement": "Вишневе",
        "address": "вул. Святошинська, 27(корпус1)",
        "kind": "Найпростіше укриття",
        "premises": "Житловий будинок",
        "operator": null,
        "sourceName": "Київська ОВА",
        "source": "https://koda.gov.ua/czyvilnyj-front/zahysni-sporudy-tochky-obigrivu/ukryttya/",
        "coordinateSource": "https://www.google.com/maps/d/viewer?mid=133eWWMRjEzUA1_n5d2Ae28nwvrIP41U",
        "sourceId": "3208a406205abc1f",
        "retrievedAt": "2026-09-16",
        "verification": "official-registry-coordinate; entrance-unverified",
        "notes": "Об’єкт з офіційного реєстру; координати перенесені без змін. Польова перевірка не проводилася.",
        "coordinateAccuracy": "Точка об’єкта з офіційної карти",
        "entranceVerified": false,
        "access": "За даними КОВА: цілодобово.",
        "accessible": true,
        "capacity": null,
        "alsoListedIn": []
      },
      "geometry": {
        "type": "Point",
        "coordinates": [
          30.3676649098455,
          50.3892454579993
        ]
      }
    },
    {
      "type": "Feature",
      "properties": {
        "id": "koda-3208060a106e2ca4",
        "ref": "175",
        "name": "Укриття в житловому будинку",
        "settlement": "Вишневе",
        "address": "вул. Святошинська, 26",
        "kind": "Найпростіше укриття",
        "premises": "Житловий будинок",
        "operator": null,
        "sourceName": "Київська ОВА",
        "source": "https://koda.gov.ua/czyvilnyj-front/zahysni-sporudy-tochky-obigrivu/ukryttya/",
        "coordinateSource": "https://www.google.com/maps/d/viewer?mid=133eWWMRjEzUA1_n5d2Ae28nwvrIP41U",
        "sourceId": "3208060a106e2ca4",
        "retrievedAt": "2026-09-16",
        "verification": "official-registry-coordinate; entrance-unverified",
        "notes": "Об’єкт з офіційного реєстру; координати перенесені без змін. Польова перевірка не проводилася.",
        "coordinateAccuracy": "Точка об’єкта з офіційної карти",
        "entranceVerified": false,
        "access": "За даними КОВА: цілодобово.",
        "accessible": true,
        "capacity": null,
        "alsoListedIn": []
      },
      "geometry": {
        "type": "Point",
        "coordinates": [
          30.3684545981991,
          50.3891330414163
        ]
      }
    },
    {
      "type": "Feature",
      "properties": {
        "id": "koda-3208b5486d8468b6",
        "ref": "176",
        "name": "Укриття в житловому будинку",
        "settlement": "Вишневе",
        "address": "вул. Святошинська, 27Б/70",
        "kind": "Найпростіше укриття",
        "premises": "Житловий будинок",
        "operator": null,
        "sourceName": "Київська ОВА",
        "source": "https://koda.gov.ua/czyvilnyj-front/zahysni-sporudy-tochky-obigrivu/ukryttya/",
        "coordinateSource": "https://www.google.com/maps/d/viewer?mid=133eWWMRjEzUA1_n5d2Ae28nwvrIP41U",
        "sourceId": "3208b5486d8468b6",
        "retrievedAt": "2026-09-16",
        "verification": "official-registry-coordinate; entrance-unverified",
        "notes": "Об’єкт з офіційного реєстру; координати перенесені без змін. Польова перевірка не проводилася.",
        "coordinateAccuracy": "Точка об’єкта з офіційної карти",
        "entranceVerified": false,
        "access": "За даними КОВА: цілодобово.",
        "accessible": true,
        "capacity": null,
        "alsoListedIn": []
      },
      "geometry": {
        "type": "Point",
        "coordinates": [
          30.3671551098454,
          50.3887356020227
        ]
      }
    },
    {
      "type": "Feature",
      "properties": {
        "id": "koda-320815cc6dc20563",
        "ref": "177",
        "name": "Укриття в житловому будинку",
        "settlement": "Вишневе",
        "address": "вул. Лесі Українки, 86",
        "kind": "Найпростіше укриття",
        "premises": "Житловий будинок",
        "operator": null,
        "sourceName": "Київська ОВА",
        "source": "https://koda.gov.ua/czyvilnyj-front/zahysni-sporudy-tochky-obigrivu/ukryttya/",
        "coordinateSource": "https://www.google.com/maps/d/viewer?mid=133eWWMRjEzUA1_n5d2Ae28nwvrIP41U",
        "sourceId": "320815cc6dc20563",
        "retrievedAt": "2026-09-16",
        "verification": "official-registry-coordinate; entrance-unverified",
        "notes": "Об’єкт з офіційного реєстру; координати перенесені без змін. Польова перевірка не проводилася.",
        "coordinateAccuracy": "Точка об’єкта з офіційної карти",
        "entranceVerified": false,
        "access": "За даними КОВА: цілодобово.",
        "accessible": true,
        "capacity": null,
        "alsoListedIn": []
      },
      "geometry": {
        "type": "Point",
        "coordinates": [
          30.364076394504,
          50.3886281999881
        ]
      }
    },
    {
      "type": "Feature",
      "properties": {
        "id": "koda-32084d59c36f00f3",
        "ref": "178",
        "name": "Укриття в житловому будинку",
        "settlement": "Вишневе",
        "address": "вул. Лесі Українки, 72",
        "kind": "Найпростіше укриття",
        "premises": "Житловий будинок",
        "operator": null,
        "sourceName": "Київська ОВА",
        "source": "https://koda.gov.ua/czyvilnyj-front/zahysni-sporudy-tochky-obigrivu/ukryttya/",
        "coordinateSource": "https://www.google.com/maps/d/viewer?mid=133eWWMRjEzUA1_n5d2Ae28nwvrIP41U",
        "sourceId": "32084d59c36f00f3",
        "retrievedAt": "2026-09-16",
        "verification": "official-registry-coordinate; entrance-unverified",
        "notes": "Об’єкт з офіційного реєстру; координати перенесені без змін. Польова перевірка не проводилася.",
        "coordinateAccuracy": "Точка об’єкта з офіційної карти",
        "entranceVerified": false,
        "access": "За даними КОВА: цілодобово.",
        "accessible": true,
        "capacity": null,
        "alsoListedIn": []
      },
      "geometry": {
        "type": "Point",
        "coordinates": [
          30.3657569963516,
          50.3886020024658
        ]
      }
    },
    {
      "type": "Feature",
      "properties": {
        "id": "koda-32087307a63b167b",
        "ref": "179",
        "name": "Укриття в житловому будинку",
        "settlement": "Вишневе",
        "address": "вул. Лесі Українки, 19",
        "kind": "Найпростіше укриття",
        "premises": "Житловий будинок",
        "operator": null,
        "sourceName": "Київська ОВА",
        "source": "https://koda.gov.ua/czyvilnyj-front/zahysni-sporudy-tochky-obigrivu/ukryttya/",
        "coordinateSource": "https://www.google.com/maps/d/viewer?mid=133eWWMRjEzUA1_n5d2Ae28nwvrIP41U",
        "sourceId": "32087307a63b167b",
        "retrievedAt": "2026-09-16",
        "verification": "official-registry-coordinate; entrance-unverified",
        "notes": "Об’єкт з офіційного реєстру; координати перенесені без змін. Польова перевірка не проводилася.",
        "coordinateAccuracy": "Точка об’єкта з офіційної карти",
        "entranceVerified": false,
        "access": "За даними КОВА: цілодобово.",
        "accessible": true,
        "capacity": null,
        "alsoListedIn": []
      },
      "geometry": {
        "type": "Point",
        "coordinates": [
          30.3770065669235,
          50.3883049406511
        ]
      }
    },
    {
      "type": "Feature",
      "properties": {
        "id": "koda-3208f75129c96544",
        "ref": "180",
        "name": "Укриття в житловому будинку",
        "settlement": "Вишневе",
        "address": "вул. Лесі Україник, 37",
        "kind": "Найпростіше укриття",
        "premises": "Житловий будинок",
        "operator": null,
        "sourceName": "Київська ОВА",
        "source": "https://koda.gov.ua/czyvilnyj-front/zahysni-sporudy-tochky-obigrivu/ukryttya/",
        "coordinateSource": "https://www.google.com/maps/d/viewer?mid=133eWWMRjEzUA1_n5d2Ae28nwvrIP41U",
        "sourceId": "3208f75129c96544",
        "retrievedAt": "2026-09-16",
        "verification": "official-registry-coordinate; entrance-unverified",
        "notes": "Об’єкт з офіційного реєстру; координати перенесені без змін. Польова перевірка не проводилася.",
        "coordinateAccuracy": "Точка об’єкта з офіційної карти",
        "entranceVerified": false,
        "access": "За даними КОВА: цілодобово.",
        "accessible": true,
        "capacity": null,
        "alsoListedIn": []
      },
      "geometry": {
        "type": "Point",
        "coordinates": [
          30.3683822963514,
          50.3881080418899
        ]
      }
    },
    {
      "type": "Feature",
      "properties": {
        "id": "koda-32147b994d02fd82",
        "ref": "181",
        "name": "Княжицька філія Забірського ОЗО",
        "settlement": "Княжичі",
        "address": "вул. Отамана Косаря, 2",
        "kind": "Протирадіаційне укриття",
        "premises": null,
        "operator": null,
        "sourceName": "Київська ОВА",
        "source": "https://koda.gov.ua/czyvilnyj-front/zahysni-sporudy-tochky-obigrivu/ukryttya/",
        "coordinateSource": "https://www.google.com/maps/d/viewer?mid=133eWWMRjEzUA1_n5d2Ae28nwvrIP41U",
        "sourceId": "32147b994d02fd82",
        "retrievedAt": "2026-09-16",
        "verification": "official-registry-coordinate; entrance-unverified",
        "notes": "Об’єкт з офіційного реєстру; координати перенесені без змін. Польова перевірка не проводилася.",
        "coordinateAccuracy": "Точка об’єкта з офіційної карти",
        "entranceVerified": false,
        "access": "За даними КОВА: цілодобово.",
        "accessible": false,
        "capacity": null,
        "alsoListedIn": []
      },
      "geometry": {
        "type": "Point",
        "coordinates": [
          30.3348,
          50.388
        ]
      }
    },
    {
      "type": "Feature",
      "properties": {
        "id": "koda-3208f2863bc0a521",
        "ref": "182",
        "name": "Укриття в житловому будинку",
        "settlement": "Вишневе",
        "address": "пров. Лісний, 12",
        "kind": "Найпростіше укриття",
        "premises": "Житловий будинок",
        "operator": null,
        "sourceName": "Київська ОВА",
        "source": "https://koda.gov.ua/czyvilnyj-front/zahysni-sporudy-tochky-obigrivu/ukryttya/",
        "coordinateSource": "https://www.google.com/maps/d/viewer?mid=133eWWMRjEzUA1_n5d2Ae28nwvrIP41U",
        "sourceId": "3208f2863bc0a521",
        "retrievedAt": "2026-09-16",
        "verification": "official-registry-coordinate; entrance-unverified",
        "notes": "Об’єкт з офіційного реєстру; координати перенесені без змін. Польова перевірка не проводилася.",
        "coordinateAccuracy": "Точка об’єкта з офіційної карти",
        "entranceVerified": false,
        "access": "За даними КОВА: цілодобово.",
        "accessible": false,
        "capacity": null,
        "alsoListedIn": []
      },
      "geometry": {
        "type": "Point",
        "coordinates": [
          30.3749647675161,
          50.3877620864656
        ]
      }
    },
    {
      "type": "Feature",
      "properties": {
        "id": "koda-320816b8254d6c18",
        "ref": "183",
        "name": "Укриття в житловому будинку",
        "settlement": "Вишневе",
        "address": "вул. Чорновола, 48Б",
        "kind": "Найпростіше укриття",
        "premises": "Багатоповерховий житловий будинок",
        "operator": null,
        "sourceName": "Київська ОВА",
        "source": "https://koda.gov.ua/czyvilnyj-front/zahysni-sporudy-tochky-obigrivu/ukryttya/",
        "coordinateSource": "https://www.google.com/maps/d/viewer?mid=133eWWMRjEzUA1_n5d2Ae28nwvrIP41U",
        "sourceId": "320816b8254d6c18",
        "retrievedAt": "2026-09-16",
        "verification": "official-registry-coordinate; entrance-unverified",
        "notes": "Об’єкт з офіційного реєстру; координати перенесені без змін. Польова перевірка не проводилася.",
        "coordinateAccuracy": "Точка об’єкта з офіційної карти",
        "entranceVerified": false,
        "access": "За даними КОВА: цілодобово.",
        "accessible": true,
        "capacity": null,
        "alsoListedIn": []
      },
      "geometry": {
        "type": "Point",
        "coordinates": [
          30.3861046057802,
          50.3868968239556
        ]
      }
    },
    {
      "type": "Feature",
      "properties": {
        "id": "koda-32081635bd9c62d2",
        "ref": "184",
        "name": "Укриття в житловому будинку",
        "settlement": "Вишневе",
        "address": "вул. Святошинська, 9",
        "kind": "Найпростіше укриття",
        "premises": "Житловий будинок",
        "operator": null,
        "sourceName": "Київська ОВА",
        "source": "https://koda.gov.ua/czyvilnyj-front/zahysni-sporudy-tochky-obigrivu/ukryttya/",
        "coordinateSource": "https://www.google.com/maps/d/viewer?mid=133eWWMRjEzUA1_n5d2Ae28nwvrIP41U",
        "sourceId": "32081635bd9c62d2",
        "retrievedAt": "2026-09-16",
        "verification": "official-registry-coordinate; entrance-unverified",
        "notes": "Об’єкт з офіційного реєстру; координати перенесені без змін. Польова перевірка не проводилася.",
        "coordinateAccuracy": "Точка об’єкта з офіційної карти",
        "entranceVerified": false,
        "access": "За даними КОВА: цілодобово.",
        "accessible": true,
        "capacity": null,
        "alsoListedIn": []
      },
      "geometry": {
        "type": "Point",
        "coordinates": [
          30.367333867516,
          50.3862884285072
        ]
      }
    },
    {
      "type": "Feature",
      "properties": {
        "id": "koda-32082ef421e4c903",
        "ref": "185",
        "name": "Укриття в житловому будинку",
        "settlement": "Вишневе",
        "address": "вул. Святошинська, 7",
        "kind": "Найпростіше укриття",
        "premises": "Житловий будинок",
        "operator": null,
        "sourceName": "Київська ОВА",
        "source": "https://koda.gov.ua/czyvilnyj-front/zahysni-sporudy-tochky-obigrivu/ukryttya/",
        "coordinateSource": "https://www.google.com/maps/d/viewer?mid=133eWWMRjEzUA1_n5d2Ae28nwvrIP41U",
        "sourceId": "32082ef421e4c903",
        "retrievedAt": "2026-09-16",
        "verification": "official-registry-coordinate; entrance-unverified",
        "notes": "Об’єкт з офіційного реєстру; координати перенесені без змін. Польова перевірка не проводилася.",
        "coordinateAccuracy": "Точка об’єкта з офіційної карти",
        "entranceVerified": false,
        "access": "За даними КОВА: цілодобово.",
        "accessible": true,
        "capacity": null,
        "alsoListedIn": []
      },
      "geometry": {
        "type": "Point",
        "coordinates": [
          30.3663565098453,
          50.3860971290867
        ]
      }
    },
    {
      "type": "Feature",
      "properties": {
        "id": "koda-32086d449096d3c0",
        "ref": "186",
        "name": "Укриття в житловому будинку",
        "settlement": "Вишневе",
        "address": "вул. Святоюріївська, 11а",
        "kind": "Найпростіше укриття",
        "premises": "Багатоповерхотоповерховий житловий будинок",
        "operator": null,
        "sourceName": "Київська ОВА",
        "source": "https://koda.gov.ua/czyvilnyj-front/zahysni-sporudy-tochky-obigrivu/ukryttya/",
        "coordinateSource": "https://www.google.com/maps/d/viewer?mid=133eWWMRjEzUA1_n5d2Ae28nwvrIP41U",
        "sourceId": "32086d449096d3c0",
        "retrievedAt": "2026-09-16",
        "verification": "official-registry-coordinate; entrance-unverified",
        "notes": "Об’єкт з офіційного реєстру; координати перенесені без змін. Польова перевірка не проводилася.",
        "coordinateAccuracy": "Точка об’єкта з офіційної карти",
        "entranceVerified": false,
        "access": "За даними КОВА: цілодобово.",
        "accessible": true,
        "capacity": null,
        "alsoListedIn": []
      },
      "geometry": {
        "type": "Point",
        "coordinates": [
          30.373851861904,
          50.3838507819733
        ]
      }
    },
    {
      "type": "Feature",
      "properties": {
        "id": "koda-32087d01dd460ca8",
        "ref": "187",
        "name": "Укриття в житловому будинку",
        "settlement": "Вишневе",
        "address": "вул. Григорія Сковороди 10",
        "kind": "Найпростіше укриття",
        "premises": "Багатоповерховий житловий будинок",
        "operator": null,
        "sourceName": "Київська ОВА",
        "source": "https://koda.gov.ua/czyvilnyj-front/zahysni-sporudy-tochky-obigrivu/ukryttya/",
        "coordinateSource": "https://www.google.com/maps/d/viewer?mid=133eWWMRjEzUA1_n5d2Ae28nwvrIP41U",
        "sourceId": "32087d01dd460ca8",
        "retrievedAt": "2026-09-16",
        "verification": "official-registry-coordinate; entrance-unverified",
        "notes": "Об’єкт з офіційного реєстру; координати перенесені без змін. Польова перевірка не проводилася.",
        "coordinateAccuracy": "Точка об’єкта з офіційної карти",
        "entranceVerified": false,
        "access": "За даними КОВА: цілодобово.",
        "accessible": true,
        "capacity": null,
        "alsoListedIn": []
      },
      "geometry": {
        "type": "Point",
        "coordinates": [
          30.3717579088743,
          50.3834792592839
        ]
      }
    },
    {
      "type": "Feature",
      "properties": {
        "id": "koda-3208b4e369036877",
        "ref": "188",
        "name": "Укриття в житловому будинку",
        "settlement": "Вишневе",
        "address": "вул. Марії Примаченко 7",
        "kind": "Найпростіше укриття",
        "premises": "Багатоповерховий житловий будинок",
        "operator": null,
        "sourceName": "Київська ОВА",
        "source": "https://koda.gov.ua/czyvilnyj-front/zahysni-sporudy-tochky-obigrivu/ukryttya/",
        "coordinateSource": "https://www.google.com/maps/d/viewer?mid=133eWWMRjEzUA1_n5d2Ae28nwvrIP41U",
        "sourceId": "3208b4e369036877",
        "retrievedAt": "2026-09-16",
        "verification": "official-registry-coordinate; entrance-unverified",
        "notes": "Об’єкт з офіційного реєстру; координати перенесені без змін. Польова перевірка не проводилася.",
        "coordinateAccuracy": "Точка об’єкта з офіційної карти",
        "entranceVerified": false,
        "access": "За даними КОВА: цілодобово.",
        "accessible": true,
        "capacity": null,
        "alsoListedIn": []
      },
      "geometry": {
        "type": "Point",
        "coordinates": [
          30.3749894397281,
          50.3830118343962
        ]
      }
    },
    {
      "type": "Feature",
      "properties": {
        "id": "koda-32080e83c0a34521",
        "ref": "189",
        "name": "Укриття в житловому будинку",
        "settlement": "Вишневе",
        "address": "вул Марії Примаченко, 21/25",
        "kind": "Найпростіше укриття",
        "premises": "Багатоповерховий житловий будинок",
        "operator": null,
        "sourceName": "Київська ОВА",
        "source": "https://koda.gov.ua/czyvilnyj-front/zahysni-sporudy-tochky-obigrivu/ukryttya/",
        "coordinateSource": "https://www.google.com/maps/d/viewer?mid=133eWWMRjEzUA1_n5d2Ae28nwvrIP41U",
        "sourceId": "32080e83c0a34521",
        "retrievedAt": "2026-09-16",
        "verification": "official-registry-coordinate; entrance-unverified",
        "notes": "Об’єкт з офіційного реєстру; координати перенесені без змін. Польова перевірка не проводилася.",
        "coordinateAccuracy": "Точка об’єкта з офіційної карти",
        "entranceVerified": false,
        "access": "За даними КОВА: цілодобово.",
        "accessible": true,
        "capacity": null,
        "alsoListedIn": []
      },
      "geometry": {
        "type": "Point",
        "coordinates": [
          30.3797277358565,
          50.3829898048534
        ]
      }
    },
    {
      "type": "Feature",
      "properties": {
        "id": "koda-32081d15206710ec",
        "ref": "190",
        "name": "Укриття в житловому будинку",
        "settlement": "Вишневе",
        "address": "вул. Балукова 5",
        "kind": "Найпростіше укриття",
        "premises": "Багатоповерховий житловий будинок",
        "operator": null,
        "sourceName": "Київська ОВА",
        "source": "https://koda.gov.ua/czyvilnyj-front/zahysni-sporudy-tochky-obigrivu/ukryttya/",
        "coordinateSource": "https://www.google.com/maps/d/viewer?mid=133eWWMRjEzUA1_n5d2Ae28nwvrIP41U",
        "sourceId": "32081d15206710ec",
        "retrievedAt": "2026-09-16",
        "verification": "official-registry-coordinate; entrance-unverified",
        "notes": "Об’єкт з офіційного реєстру; координати перенесені без змін. Польова перевірка не проводилася.",
        "coordinateAccuracy": "Точка об’єкта з офіційної карти",
        "entranceVerified": false,
        "access": "За даними КОВА: цілодобово.",
        "accessible": true,
        "capacity": null,
        "alsoListedIn": []
      },
      "geometry": {
        "type": "Point",
        "coordinates": [
          30.3684423825793,
          50.3826537337257
        ]
      }
    },
    {
      "type": "Feature",
      "properties": {
        "id": "koda-3208f59740173a78",
        "ref": "191",
        "name": "Укриття в житловому будинку",
        "settlement": "Вишневе",
        "address": "вул. Балукова 20",
        "kind": "Найпростіше укриття",
        "premises": "Багатоповерховий житловий будинок",
        "operator": null,
        "sourceName": "Київська ОВА",
        "source": "https://koda.gov.ua/czyvilnyj-front/zahysni-sporudy-tochky-obigrivu/ukryttya/",
        "coordinateSource": "https://www.google.com/maps/d/viewer?mid=133eWWMRjEzUA1_n5d2Ae28nwvrIP41U",
        "sourceId": "3208f59740173a78",
        "retrievedAt": "2026-09-16",
        "verification": "official-registry-coordinate; entrance-unverified",
        "notes": "Об’єкт з офіційного реєстру; координати перенесені без змін. Польова перевірка не проводилася.",
        "coordinateAccuracy": "Точка об’єкта з офіційної карти",
        "entranceVerified": false,
        "access": "За даними КОВА: цілодобово.",
        "accessible": true,
        "capacity": null,
        "alsoListedIn": []
      },
      "geometry": {
        "type": "Point",
        "coordinates": [
          30.3662606597807,
          50.382579351345
        ]
      }
    },
    {
      "type": "Feature",
      "properties": {
        "id": "koda-32089928e3c7514e",
        "ref": "192",
        "name": "Укриття в житловому будинку",
        "settlement": "Вишневе",
        "address": "вул Єдності, 5 (1-під’їзд)",
        "kind": "Найпростіше укриття",
        "premises": "Багатоквартирний житловий будинок",
        "operator": null,
        "sourceName": "Київська ОВА",
        "source": "https://koda.gov.ua/czyvilnyj-front/zahysni-sporudy-tochky-obigrivu/ukryttya/",
        "coordinateSource": "https://www.google.com/maps/d/viewer?mid=133eWWMRjEzUA1_n5d2Ae28nwvrIP41U",
        "sourceId": "32089928e3c7514e",
        "retrievedAt": "2026-09-16",
        "verification": "official-registry-coordinate; entrance-unverified",
        "notes": "Об’єкт з офіційного реєстру; координати перенесені без змін. Польова перевірка не проводилася.",
        "coordinateAccuracy": "Точка об’єкта з офіційної карти",
        "entranceVerified": false,
        "access": "За даними КОВА: цілодобово.",
        "accessible": true,
        "capacity": null,
        "alsoListedIn": []
      },
      "geometry": {
        "type": "Point",
        "coordinates": [
          30.3896636749071,
          50.3822051865503
        ]
      }
    },
    {
      "type": "Feature",
      "properties": {
        "id": "koda-3208eb102a7ab132",
        "ref": "193",
        "name": "Укриття в житловому будинку",
        "settlement": "Вишневе",
        "address": "вул. Освіти 2",
        "kind": "Найпростіше укриття",
        "premises": "Багатоповерховий житловий будинок",
        "operator": null,
        "sourceName": "Київська ОВА",
        "source": "https://koda.gov.ua/czyvilnyj-front/zahysni-sporudy-tochky-obigrivu/ukryttya/",
        "coordinateSource": "https://www.google.com/maps/d/viewer?mid=133eWWMRjEzUA1_n5d2Ae28nwvrIP41U",
        "sourceId": "3208eb102a7ab132",
        "retrievedAt": "2026-09-16",
        "verification": "official-registry-coordinate; entrance-unverified",
        "notes": "Об’єкт з офіційного реєстру; координати перенесені без змін. Польова перевірка не проводилася.",
        "coordinateAccuracy": "Точка об’єкта з офіційної карти",
        "entranceVerified": false,
        "access": "За даними КОВА: цілодобово.",
        "accessible": true,
        "capacity": null,
        "alsoListedIn": []
      },
      "geometry": {
        "type": "Point",
        "coordinates": [
          30.3682294012477,
          50.3816591834392
        ]
      }
    },
    {
      "type": "Feature",
      "properties": {
        "id": "koda-320899923bc8cc0a",
        "ref": "194",
        "name": "ФОП Удовиченко Наталія Вікторівна (приватна творча студія)",
        "settlement": "Святопетрівське",
        "address": "вул. Теплична буд. 38 7б/1",
        "kind": "Найпростіше укриття",
        "premises": null,
        "operator": null,
        "sourceName": "Київська ОВА",
        "source": "https://koda.gov.ua/czyvilnyj-front/zahysni-sporudy-tochky-obigrivu/ukryttya/",
        "coordinateSource": "https://www.google.com/maps/d/viewer?mid=133eWWMRjEzUA1_n5d2Ae28nwvrIP41U",
        "sourceId": "320899923bc8cc0a",
        "retrievedAt": "2026-09-16",
        "verification": "official-registry-coordinate; entrance-unverified",
        "notes": "Об’єкт з офіційного реєстру; координати перенесені без змін. Польова перевірка не проводилася.",
        "coordinateAccuracy": "Точка об’єкта з офіційної карти",
        "entranceVerified": false,
        "access": "За даними КОВА: у разі тривоги.",
        "accessible": false,
        "capacity": null,
        "alsoListedIn": []
      },
      "geometry": {
        "type": "Point",
        "coordinates": [
          30.3191,
          50.3814
        ]
      }
    },
    {
      "type": "Feature",
      "properties": {
        "id": "koda-320861aa7d3fd762",
        "ref": "195",
        "name": "Підвальне приміщення будівлі комунального закладу «Святопетрівська сільська бібліотека»",
        "settlement": "Святопетрівське",
        "address": "вул. Теплична, буд. 38, 8-й під’їзд",
        "kind": "Найпростіше укриття",
        "premises": null,
        "operator": null,
        "sourceName": "Київська ОВА",
        "source": "https://koda.gov.ua/czyvilnyj-front/zahysni-sporudy-tochky-obigrivu/ukryttya/",
        "coordinateSource": "https://www.google.com/maps/d/viewer?mid=133eWWMRjEzUA1_n5d2Ae28nwvrIP41U",
        "sourceId": "320861aa7d3fd762",
        "retrievedAt": "2026-09-16",
        "verification": "official-registry-coordinate; entrance-unverified",
        "notes": "Об’єкт з офіційного реєстру; координати перенесені без змін. Польова перевірка не проводилася.",
        "coordinateAccuracy": "Точка об’єкта з офіційної карти",
        "entranceVerified": false,
        "access": "За даними КОВА: у разі тривоги.",
        "accessible": false,
        "capacity": null,
        "alsoListedIn": []
      },
      "geometry": {
        "type": "Point",
        "coordinates": [
          30.3192,
          50.3814
        ]
      }
    },
    {
      "type": "Feature",
      "properties": {
        "id": "koda-32083100d9f7daca",
        "ref": "196",
        "name": "Укриття в житловому будинку",
        "settlement": "Вишневе",
        "address": "вул. Освіти, 7",
        "kind": "Найпростіше укриття",
        "premises": "Багатоквартирний житловий будинок",
        "operator": null,
        "sourceName": "Київська ОВА",
        "source": "https://koda.gov.ua/czyvilnyj-front/zahysni-sporudy-tochky-obigrivu/ukryttya/",
        "coordinateSource": "https://www.google.com/maps/d/viewer?mid=133eWWMRjEzUA1_n5d2Ae28nwvrIP41U",
        "sourceId": "32083100d9f7daca",
        "retrievedAt": "2026-09-16",
        "verification": "official-registry-coordinate; entrance-unverified",
        "notes": "Об’єкт з офіційного реєстру; координати перенесені без змін. Польова перевірка не проводилася.",
        "coordinateAccuracy": "Точка об’єкта з офіційної карти",
        "entranceVerified": false,
        "access": "За даними КОВА: цілодобово.",
        "accessible": true,
        "capacity": null,
        "alsoListedIn": []
      },
      "geometry": {
        "type": "Point",
        "coordinates": [
          30.3715151072215,
          50.3813767024019
        ]
      }
    },
    {
      "type": "Feature",
      "properties": {
        "id": "koda-3208198b8646f12c",
        "ref": "197",
        "name": "автомобільний паркінг",
        "settlement": "Вишневе",
        "address": "вул Марії Примаченко, 26А",
        "kind": "Найпростіше укриття",
        "premises": null,
        "operator": null,
        "sourceName": "Київська ОВА",
        "source": "https://koda.gov.ua/czyvilnyj-front/zahysni-sporudy-tochky-obigrivu/ukryttya/",
        "coordinateSource": "https://www.google.com/maps/d/viewer?mid=133eWWMRjEzUA1_n5d2Ae28nwvrIP41U",
        "sourceId": "3208198b8646f12c",
        "retrievedAt": "2026-09-16",
        "verification": "official-registry-coordinate; entrance-unverified",
        "notes": "Об’єкт з офіційного реєстру; координати перенесені без змін. Польова перевірка не проводилася.",
        "coordinateAccuracy": "Точка об’єкта з офіційної карти",
        "entranceVerified": false,
        "access": "За даними КОВА: цілодобово.",
        "accessible": true,
        "capacity": null,
        "alsoListedIn": []
      },
      "geometry": {
        "type": "Point",
        "coordinates": [
          30.3817431929671,
          50.3813218533319
        ]
      }
    },
    {
      "type": "Feature",
      "properties": {
        "id": "koda-3208ee8b0bbc126f",
        "ref": "198",
        "name": "КЗ \"ВИШНЕВИЙ ЗАКЛАД ДОШКІЛЬНОЇ ОСВІТИ \"ЯБЛУНЬКА\"",
        "settlement": "Вишневе",
        "address": "вул. Освіти, 11",
        "kind": "Найпростіше укриття",
        "premises": null,
        "operator": null,
        "sourceName": "Київська ОВА",
        "source": "https://koda.gov.ua/czyvilnyj-front/zahysni-sporudy-tochky-obigrivu/ukryttya/",
        "coordinateSource": "https://www.google.com/maps/d/viewer?mid=133eWWMRjEzUA1_n5d2Ae28nwvrIP41U",
        "sourceId": "3208ee8b0bbc126f",
        "retrievedAt": "2026-09-16",
        "verification": "official-registry-coordinate; entrance-unverified",
        "notes": "Об’єкт з офіційного реєстру; координати перенесені без змін. Польова перевірка не проводилася.",
        "coordinateAccuracy": "Точка об’єкта з офіційної карти",
        "entranceVerified": false,
        "access": "За даними КОВА: цілодобово.",
        "accessible": true,
        "capacity": null,
        "alsoListedIn": []
      },
      "geometry": {
        "type": "Point",
        "coordinates": [
          30.3775053206842,
          50.380577160003
        ]
      }
    },
    {
      "type": "Feature",
      "properties": {
        "id": "koda-320804ec66881a9f",
        "ref": "199",
        "name": "Укриття в житловому будинку",
        "settlement": "Вишневе",
        "address": "вул. Південна, 13",
        "kind": "Найпростіше укриття",
        "premises": "Житловий будинок",
        "operator": null,
        "sourceName": "Київська ОВА",
        "source": "https://koda.gov.ua/czyvilnyj-front/zahysni-sporudy-tochky-obigrivu/ukryttya/",
        "coordinateSource": "https://www.google.com/maps/d/viewer?mid=133eWWMRjEzUA1_n5d2Ae28nwvrIP41U",
        "sourceId": "320804ec66881a9f",
        "retrievedAt": "2026-09-16",
        "verification": "official-registry-coordinate; entrance-unverified",
        "notes": "Об’єкт з офіційного реєстру; координати перенесені без змін. Польова перевірка не проводилася.",
        "coordinateAccuracy": "Точка об’єкта з офіційної карти",
        "entranceVerified": false,
        "access": "За даними КОВА: цілодобово.",
        "accessible": true,
        "capacity": null,
        "alsoListedIn": []
      },
      "geometry": {
        "type": "Point",
        "coordinates": [
          30.3694090098449,
          50.3805604124351
        ]
      }
    },
    {
      "type": "Feature",
      "properties": {
        "id": "koda-32087e2589f33711",
        "ref": "200",
        "name": "Укриття в житловому будинку",
        "settlement": "Вишневе",
        "address": "вул. Марії Примаченко, 24Г",
        "kind": "Найпростіше укриття",
        "premises": "Багатоповерховий житловий будинок",
        "operator": null,
        "sourceName": "Київська ОВА",
        "source": "https://koda.gov.ua/czyvilnyj-front/zahysni-sporudy-tochky-obigrivu/ukryttya/",
        "coordinateSource": "https://www.google.com/maps/d/viewer?mid=133eWWMRjEzUA1_n5d2Ae28nwvrIP41U",
        "sourceId": "32087e2589f33711",
        "retrievedAt": "2026-09-16",
        "verification": "official-registry-coordinate; entrance-unverified",
        "notes": "Об’єкт з офіційного реєстру; координати перенесені без змін. Польова перевірка не проводилася.",
        "coordinateAccuracy": "Точка об’єкта з офіційної карти",
        "entranceVerified": false,
        "access": "За даними КОВА: цілодобово.",
        "accessible": true,
        "capacity": null,
        "alsoListedIn": []
      },
      "geometry": {
        "type": "Point",
        "coordinates": [
          30.3799643573335,
          50.3805543499176
        ]
      }
    },
    {
      "type": "Feature",
      "properties": {
        "id": "koda-3208f8efef15d144",
        "ref": "201",
        "name": "Укриття в житловому будинку",
        "settlement": "Вишневе",
        "address": "вул Марії Примаченко, 24б",
        "kind": "Найпростіше укриття",
        "premises": "Багатоповерховий житловий будинок",
        "operator": null,
        "sourceName": "Київська ОВА",
        "source": "https://koda.gov.ua/czyvilnyj-front/zahysni-sporudy-tochky-obigrivu/ukryttya/",
        "coordinateSource": "https://www.google.com/maps/d/viewer?mid=133eWWMRjEzUA1_n5d2Ae28nwvrIP41U",
        "sourceId": "3208f8efef15d144",
        "retrievedAt": "2026-09-16",
        "verification": "official-registry-coordinate; entrance-unverified",
        "notes": "Об’єкт з офіційного реєстру; координати перенесені без змін. Польова перевірка не проводилася.",
        "coordinateAccuracy": "Точка об’єкта з офіційної карти",
        "entranceVerified": false,
        "access": "За даними КОВА: цілодобово.",
        "accessible": true,
        "capacity": null,
        "alsoListedIn": []
      },
      "geometry": {
        "type": "Point",
        "coordinates": [
          30.3809051872432,
          50.3804577918009
        ]
      }
    },
    {
      "type": "Feature",
      "properties": {
        "id": "koda-32080f6e68245e9d",
        "ref": "202",
        "name": "Укриття в житловому будинку",
        "settlement": "Вишневе",
        "address": "вул. Освіти 15/31",
        "kind": "Найпростіше укриття",
        "premises": "Багатоповерховий житловий будинок",
        "operator": null,
        "sourceName": "Київська ОВА",
        "source": "https://koda.gov.ua/czyvilnyj-front/zahysni-sporudy-tochky-obigrivu/ukryttya/",
        "coordinateSource": "https://www.google.com/maps/d/viewer?mid=133eWWMRjEzUA1_n5d2Ae28nwvrIP41U",
        "sourceId": "32080f6e68245e9d",
        "retrievedAt": "2026-09-16",
        "verification": "official-registry-coordinate; entrance-unverified",
        "notes": "Об’єкт з офіційного реєстру; координати перенесені без змін. Польова перевірка не проводилася.",
        "coordinateAccuracy": "Точка об’єкта з офіційної карти",
        "entranceVerified": false,
        "access": "За даними КОВА: цілодобово.",
        "accessible": true,
        "capacity": null,
        "alsoListedIn": []
      },
      "geometry": {
        "type": "Point",
        "coordinates": [
          30.3795314073183,
          50.3802244251763
        ]
      }
    },
    {
      "type": "Feature",
      "properties": {
        "id": "koda-3208763ac21d4fae",
        "ref": "203",
        "name": "Укриття в житловому будинку",
        "settlement": "Вишневе",
        "address": "вул. Освіти, 17",
        "kind": "Найпростіше укриття",
        "premises": "Багатоповерховий житровий будинок",
        "operator": null,
        "sourceName": "Київська ОВА",
        "source": "https://koda.gov.ua/czyvilnyj-front/zahysni-sporudy-tochky-obigrivu/ukryttya/",
        "coordinateSource": "https://www.google.com/maps/d/viewer?mid=133eWWMRjEzUA1_n5d2Ae28nwvrIP41U",
        "sourceId": "3208763ac21d4fae",
        "retrievedAt": "2026-09-16",
        "verification": "official-registry-coordinate; entrance-unverified",
        "notes": "Об’єкт з офіційного реєстру; координати перенесені без змін. Польова перевірка не проводилася.",
        "coordinateAccuracy": "Точка об’єкта з офіційної карти",
        "entranceVerified": false,
        "access": "За даними КОВА: цілодобово.",
        "accessible": true,
        "capacity": null,
        "alsoListedIn": []
      },
      "geometry": {
        "type": "Point",
        "coordinates": [
          30.3803897142362,
          50.3800602248075
        ]
      }
    },
    {
      "type": "Feature",
      "properties": {
        "id": "koda-32087f63855c8fe3",
        "ref": "204",
        "name": "СВЯТОПЕТРІВСЬКИЙ АКАДЕМІЧНИЙ ЛІЦЕЙ БІЛОГОРОДСЬКОЇ СІЛЬСЬКОЇ РАДИ",
        "settlement": "Святопетрівське",
        "address": "вул. Центральна, 138А",
        "kind": "Протирадіаційне укриття",
        "premises": null,
        "operator": null,
        "sourceName": "Київська ОВА",
        "source": "https://koda.gov.ua/czyvilnyj-front/zahysni-sporudy-tochky-obigrivu/ukryttya/",
        "coordinateSource": "https://www.google.com/maps/d/viewer?mid=133eWWMRjEzUA1_n5d2Ae28nwvrIP41U",
        "sourceId": "32087f63855c8fe3",
        "retrievedAt": "2026-09-16",
        "verification": "official-registry-coordinate; entrance-unverified",
        "notes": "Об’єкт з офіційного реєстру; координати перенесені без змін. Польова перевірка не проводилася.",
        "coordinateAccuracy": "Точка об’єкта з офіційної карти",
        "entranceVerified": false,
        "access": "За даними КОВА: у разі тривоги.",
        "accessible": false,
        "capacity": null,
        "alsoListedIn": []
      },
      "geometry": {
        "type": "Point",
        "coordinates": [
          30.3244,
          50.379
        ]
      }
    },
    {
      "type": "Feature",
      "properties": {
        "id": "koda-320884a849d1315a",
        "ref": "205",
        "name": "Приватний заклад ТОВ «НВК «ЗНЗ 1 ступеня-гімназія-дитячий садок «Умка Гранд»",
        "settlement": "Святопетрівське",
        "address": "вул. Т. Шевченка, 12",
        "kind": "Найпростіше укриття",
        "premises": null,
        "operator": null,
        "sourceName": "Київська ОВА",
        "source": "https://koda.gov.ua/czyvilnyj-front/zahysni-sporudy-tochky-obigrivu/ukryttya/",
        "coordinateSource": "https://www.google.com/maps/d/viewer?mid=133eWWMRjEzUA1_n5d2Ae28nwvrIP41U",
        "sourceId": "320884a849d1315a",
        "retrievedAt": "2026-09-16",
        "verification": "official-registry-coordinate; entrance-unverified",
        "notes": "Об’єкт з офіційного реєстру; координати перенесені без змін. Польова перевірка не проводилася.",
        "coordinateAccuracy": "Точка об’єкта з офіційної карти",
        "entranceVerified": false,
        "access": "За даними КОВА: у разі тривоги.",
        "accessible": true,
        "capacity": null,
        "alsoListedIn": []
      },
      "geometry": {
        "type": "Point",
        "coordinates": [
          30.3216,
          50.377
        ]
      }
    },
    {
      "type": "Feature",
      "properties": {
        "id": "koda-320876518e45ff00",
        "ref": "206",
        "name": "Крюківщинський ліцей \"ЛІДЕР\"",
        "settlement": "Крюківщина",
        "address": "вул. Мічуріна, 12А",
        "kind": "Найпростіше укриття",
        "premises": null,
        "operator": null,
        "sourceName": "Київська ОВА",
        "source": "https://koda.gov.ua/czyvilnyj-front/zahysni-sporudy-tochky-obigrivu/ukryttya/",
        "coordinateSource": "https://www.google.com/maps/d/viewer?mid=133eWWMRjEzUA1_n5d2Ae28nwvrIP41U",
        "sourceId": "320876518e45ff00",
        "retrievedAt": "2026-09-16",
        "verification": "official-registry-coordinate; entrance-unverified",
        "notes": "Об’єкт з офіційного реєстру; координати перенесені без змін. Польова перевірка не проводилася.",
        "coordinateAccuracy": "Точка об’єкта з офіційної карти",
        "entranceVerified": false,
        "access": "За даними КОВА: цілодобово.",
        "accessible": true,
        "capacity": null,
        "alsoListedIn": []
      },
      "geometry": {
        "type": "Point",
        "coordinates": [
          30.369866928074,
          50.3750544211952
        ]
      }
    },
    {
      "type": "Feature",
      "properties": {
        "id": "koda-32083f20f132cce4",
        "ref": "207",
        "name": "Укриття в житловому будинку",
        "settlement": "Крюківщина",
        "address": "вул. Дружби 4/1",
        "kind": "Найпростіше укриття",
        "premises": "Багатоповерховий житловий будинок",
        "operator": null,
        "sourceName": "Київська ОВА",
        "source": "https://koda.gov.ua/czyvilnyj-front/zahysni-sporudy-tochky-obigrivu/ukryttya/",
        "coordinateSource": "https://www.google.com/maps/d/viewer?mid=133eWWMRjEzUA1_n5d2Ae28nwvrIP41U",
        "sourceId": "32083f20f132cce4",
        "retrievedAt": "2026-09-16",
        "verification": "official-registry-coordinate; entrance-unverified",
        "notes": "Об’єкт з офіційного реєстру; координати перенесені без змін. Польова перевірка не проводилася.",
        "coordinateAccuracy": "Точка об’єкта з офіційної карти",
        "entranceVerified": false,
        "access": "За даними КОВА: цілодобово.",
        "accessible": true,
        "capacity": null,
        "alsoListedIn": []
      },
      "geometry": {
        "type": "Point",
        "coordinates": [
          30.3720652767254,
          50.3749817926451
        ]
      }
    },
    {
      "type": "Feature",
      "properties": {
        "id": "koda-32084830b3157847",
        "ref": "208",
        "name": "Укриття в житловому будинку",
        "settlement": "Крюківщина",
        "address": "вул. Дружби 8/1",
        "kind": "Найпростіше укриття",
        "premises": "Багатоповерховий житловий будинок",
        "operator": null,
        "sourceName": "Київська ОВА",
        "source": "https://koda.gov.ua/czyvilnyj-front/zahysni-sporudy-tochky-obigrivu/ukryttya/",
        "coordinateSource": "https://www.google.com/maps/d/viewer?mid=133eWWMRjEzUA1_n5d2Ae28nwvrIP41U",
        "sourceId": "32084830b3157847",
        "retrievedAt": "2026-09-16",
        "verification": "official-registry-coordinate; entrance-unverified",
        "notes": "Об’єкт з офіційного реєстру; координати перенесені без змін. Польова перевірка не проводилася.",
        "coordinateAccuracy": "Точка об’єкта з офіційної карти",
        "entranceVerified": false,
        "access": "За даними КОВА: цілодобово.",
        "accessible": true,
        "capacity": null,
        "alsoListedIn": []
      },
      "geometry": {
        "type": "Point",
        "coordinates": [
          30.3739267298537,
          50.3746465125686
        ]
      }
    },
    {
      "type": "Feature",
      "properties": {
        "id": "koda-32080dac09bfb965",
        "ref": "209",
        "name": "Молодіжний простір",
        "settlement": "Святопетрівське",
        "address": "вул. Володимирська, 2-б 1п",
        "kind": "Найпростіше укриття",
        "premises": null,
        "operator": null,
        "sourceName": "Київська ОВА",
        "source": "https://koda.gov.ua/czyvilnyj-front/zahysni-sporudy-tochky-obigrivu/ukryttya/",
        "coordinateSource": "https://www.google.com/maps/d/viewer?mid=133eWWMRjEzUA1_n5d2Ae28nwvrIP41U",
        "sourceId": "32080dac09bfb965",
        "retrievedAt": "2026-09-16",
        "verification": "official-registry-coordinate; entrance-unverified",
        "notes": "Об’єкт з офіційного реєстру; координати перенесені без змін. Польова перевірка не проводилася.",
        "coordinateAccuracy": "Точка об’єкта з офіційної карти",
        "entranceVerified": false,
        "access": "За даними КОВА: у разі тривоги.",
        "accessible": false,
        "capacity": null,
        "alsoListedIn": []
      },
      "geometry": {
        "type": "Point",
        "coordinates": [
          30.356,
          50.3644
        ]
      }
    }
  ]
}
